21:55.971 [34mINFO [0;39m [34mc.a.n.c.e.SearchableProperties:197 [0;39m main [32m                  [0;39m properties search order:PROPERTIES->JVM->ENV->DEFAULT_SETTING
21:55.976 [31mWARN [0;39m [34mc.a.n.c.logging.NacosLogging  :64  [0;39m main [32m                  [0;39m Load Logback Configuration of Nacos fail, message: org/slf4j/impl/StaticLoggerBinder
21:55.980 [31mWARN [0;39m [34mc.a.n.c.logging.NacosLogging  :64  [0;39m main [32m                  [0;39m Load Logback Configuration of Nacos fail, message: org/slf4j/impl/StaticLoggerBinder
21:56.025 [34mINFO [0;39m [34mo.h.v.internal.util.Version   :21  [0;39m background-preinit [32m                  [0;39m HV000001: Hibernate Validator 8.0.0.Final
21:56.473 [31mWARN [0;39m [34mc.a.n.c.logging.NacosLogging  :64  [0;39m main [32m                  [0;39m Load Logback Configuration of Nacos fail, message: org/slf4j/impl/StaticLoggerBinder
21:56.473 [34mINFO [0;39m [34mc.a.n.c.e.SearchableProperties:197 [0;39m main [32m                  [0;39m properties search order:PROPERTIES->JVM->ENV->DEFAULT_SETTING
21:56.476 [34mINFO [0;39m [34mc.a.n.client.utils.ParamUtil  :87  [0;39m main [32m                  [0;39m [settings] [req-serv] nacos-server port:8848
21:56.476 [34mINFO [0;39m [34mc.a.n.client.utils.ParamUtil  :98  [0;39m main [32m                  [0;39m [settings] [http-client] connect timeout:1000
21:56.481 [34mINFO [0;39m [34mc.a.n.client.utils.ParamUtil  :105 [0;39m main [32m                  [0;39m PER_TASK_CONFIG_SIZE: 3000.0
21:56.621 [34mINFO [0;39m [34mc.a.n.p.a.s.c.ClientAuthPluginManager:56  [0;39m main [32m                  [0;39m [ClientAuthPluginManager] Load ClientAuthService com.alibaba.nacos.client.auth.impl.NacosClientAuthServiceImpl success.
21:56.622 [34mINFO [0;39m [34mc.a.n.p.a.s.c.ClientAuthPluginManager:56  [0;39m main [32m                  [0;39m [ClientAuthPluginManager] Load ClientAuthService com.alibaba.nacos.client.auth.ram.RamClientAuthServiceImpl success.
21:56.629 [34mINFO [0;39m [34mc.a.n.c.a.r.i.CredentialWatcher:165 [0;39m main [32m                  [0;39m null No credential found
21:58.056 [31mWARN [0;39m [34mc.a.n.c.logging.NacosLogging  :64  [0;39m main [32m                  [0;39m Load Logback Configuration of Nacos fail, message: org/slf4j/impl/StaticLoggerBinder
21:58.056 [31mWARN [0;39m [34mc.a.n.c.logging.NacosLogging  :64  [0;39m main [32m                  [0;39m Load Logback Configuration of Nacos fail, message: org/slf4j/impl/StaticLoggerBinder

  .   ____          _            __ _ _
 /\\ / ___'_ __ _ _(_)_ __  __ _ \ \ \ \
( ( )\___ | '_ | '_| | '_ \/ _` | \ \ \ \
 \\/  ___)| |_)| | | | | || (_| |  ) ) ) )
  '  |____| .__|_| |_|_| |_\__, | / / / /
 =========|_|==============|___/=/_/_/_/
 :: Spring Boot ::                (v3.0.0)

21:58.091 [34mINFO [0;39m [34mc.a.n.c.c.i.LocalConfigInfoProcessor:68  [0;39m main [32m                  [0;39m LOCAL_SNAPSHOT_PATH:C:\Users\holyd\nacos\config
21:58.102 [34mINFO [0;39m [34mc.a.nacos.common.remote.client:94  [0;39m main [32m                  [0;39m [RpcClientFactory] create a new rpc client of d0352a0f-fb71-407f-b644-eb4699cbf700_config-0
21:58.141 [34mINFO [0;39m [34mc.a.nacos.common.remote.client:60  [0;39m main [32m                  [0;39m [d0352a0f-fb71-407f-b644-eb4699cbf700_config-0] Register server push request handler:com.alibaba.nacos.client.config.impl.ClientWorker$ConfigRpcTransportClient$$Lambda$520/0x0000000800efcfd8
21:58.144 [34mINFO [0;39m [34mc.a.nacos.common.remote.client:60  [0;39m main [32m                  [0;39m [d0352a0f-fb71-407f-b644-eb4699cbf700_config-0] Register server push request handler:com.alibaba.nacos.client.config.impl.ClientWorker$ConfigRpcTransportClient$$Lambda$521/0x0000000800efd3f8
21:58.148 [34mINFO [0;39m [34mc.a.nacos.common.remote.client:60  [0;39m main [32m                  [0;39m [d0352a0f-fb71-407f-b644-eb4699cbf700_config-0] Registry connection listener to current client:com.alibaba.nacos.client.config.impl.ClientWorker$ConfigRpcTransportClient$1
21:58.150 [34mINFO [0;39m [34mc.a.nacos.common.remote.client:60  [0;39m main [32m                  [0;39m [d0352a0f-fb71-407f-b644-eb4699cbf700_config-0] RpcClient init, ServerListFactory = com.alibaba.nacos.client.config.impl.ClientWorker$ConfigRpcTransportClient$2
21:58.165 [34mINFO [0;39m [34mc.a.nacos.common.remote.client:60  [0;39m main [32m                  [0;39m [d0352a0f-fb71-407f-b644-eb4699cbf700_config-0] Try to connect to server on start up, server: {serverIp = '127.0.0.1', server main port = 8848}
21:59.285 [34mINFO [0;39m [34mc.a.nacos.common.remote.client:60  [0;39m main [32m                  [0;39m [d0352a0f-fb71-407f-b644-eb4699cbf700_config-0] Success to connect to server [127.0.0.1:8848] on start up, connectionId = 1777897319082_127.0.0.1_4426
21:59.286 [34mINFO [0;39m [34mc.a.nacos.common.remote.client:60  [0;39m com.alibaba.nacos.client.remote.worker [32m                  [0;39m [d0352a0f-fb71-407f-b644-eb4699cbf700_config-0] Notify connected event to listeners.
21:59.286 [34mINFO [0;39m [34mc.a.n.c.c.impl.ClientWorker   :638 [0;39m com.alibaba.nacos.client.remote.worker [32m                  [0;39m [d0352a0f-fb71-407f-b644-eb4699cbf700_config-0] Connected,notify listen context...
21:59.286 [34mINFO [0;39m [34mc.a.nacos.common.remote.client:60  [0;39m main [32m                  [0;39m [d0352a0f-fb71-407f-b644-eb4699cbf700_config-0] Register server push request handler:com.alibaba.nacos.common.remote.client.RpcClient$ConnectResetRequestHandler
21:59.288 [34mINFO [0;39m [34mc.a.nacos.common.remote.client:60  [0;39m main [32m                  [0;39m [d0352a0f-fb71-407f-b644-eb4699cbf700_config-0] Register server push request handler:com.alibaba.nacos.common.remote.client.RpcClient$$Lambda$543/0x000000080106ebf8
21:59.335 [34mINFO [0;39m [34mc.a.n.c.config.impl.Limiter   :62  [0;39m main [32m                  [0;39m limitTime:5.0
21:59.354 [31mWARN [0;39m [34mc.a.c.n.c.NacosPropertySourceBuilder:87  [0;39m main [32m                  [0;39m Ignore the empty nacos configuration and get it based on dataId[member] & group[DEFAULT_GROUP]
21:59.361 [31mWARN [0;39m [34mc.a.c.n.c.NacosPropertySourceBuilder:87  [0;39m main [32m                  [0;39m Ignore the empty nacos configuration and get it based on dataId[member.properties] & group[DEFAULT_GROUP]
21:59.367 [31mWARN [0;39m [34mc.a.c.n.c.NacosPropertySourceBuilder:87  [0;39m main [32m                  [0;39m Ignore the empty nacos configuration and get it based on dataId[member-dev.properties] & group[DEFAULT_GROUP]
21:59.369 [34mINFO [0;39m [34mo.s.c.b.c.PropertySourceBootstrapConfiguration:108 [0;39m main [32m                  [0;39m Located property source: [BootstrapPropertySource {name='bootstrapProperties-member-dev.properties,DEFAULT_GROUP'}, BootstrapPropertySource {name='bootstrapProperties-member.properties,DEFAULT_GROUP'}, BootstrapPropertySource {name='bootstrapProperties-member,DEFAULT_GROUP'}]
21:59.398 [34mINFO [0;39m [34mc.j.t.m.c.MemberApplication   :636 [0;39m main [32m                  [0;39m The following 1 profile is active: "dev"
22:00.361 [34mINFO [0;39m [34mo.s.c.c.scope.GenericScope    :282 [0;39m main [32m                  [0;39m BeanFactory id=f13057da-886f-3e26-b2bd-b6194a1bd4e5
22:00.985 [34mINFO [0;39m [34mo.s.b.w.e.t.TomcatWebServer   :114 [0;39m main [32m                  [0;39m Tomcat initialized with port(s): 9091 (http)
22:00.999 [34mINFO [0;39m [34mo.a.c.http11.Http11NioProtocol:173 [0;39m main [32m                  [0;39m Initializing ProtocolHandler ["http-nio-9091"]
22:01.001 [34mINFO [0;39m [34mo.a.c.core.StandardService    :173 [0;39m main [32m                  [0;39m Starting service [Tomcat]
22:01.001 [34mINFO [0;39m [34mo.a.c.core.StandardEngine     :173 [0;39m main [32m                  [0;39m Starting Servlet engine: [Apache Tomcat/10.1.1]
22:01.072 [34mINFO [0;39m [34mo.a.c.c.C.[.[.[/member]       :173 [0;39m main [32m                  [0;39m Initializing Spring embedded WebApplicationContext
22:01.074 [34mINFO [0;39m [34mo.s.b.w.s.c.ServletWebServerApplicationContext:291 [0;39m main [32m                  [0;39m Root WebApplicationContext: initialization completed in 1652 ms
Common LogAspect
22:03.420 [34mINFO [0;39m [34mo.s.c.commons.util.InetUtils  :170 [0;39m main [32m                  [0;39m Cannot determine local hostname
22:03.480 [31mWARN [0;39m [34mo.s.c.LocalVariableTableParameterNameDiscoverer:123 [0;39m main [32m                  [0;39m Using deprecated '-debug' fallback for parameter name resolution. Compile the affected code with '-parameters' instead or avoid its introspection: com.github.pagehelper.autoconfigure.PageHelperStandardProperties
22:05.132 [34mINFO [0;39m [34mo.s.c.commons.util.InetUtils  :170 [0;39m main [32m                  [0;39m Cannot determine local hostname
22:05.177 [34mINFO [0;39m [34mo.a.c.http11.Http11NioProtocol:173 [0;39m main [32m                  [0;39m Starting ProtocolHandler ["http-nio-9091"]
22:05.198 [34mINFO [0;39m [34mo.s.b.w.e.t.TomcatWebServer   :226 [0;39m main [32m                  [0;39m Tomcat started on port(s): 9091 (http) with context path '/member'
22:05.204 [34mINFO [0;39m [34mc.a.n.c.e.SearchableProperties:197 [0;39m main [32m                  [0;39m properties search order:PROPERTIES->JVM->ENV->DEFAULT_SETTING
22:05.205 [34mINFO [0;39m [34mc.alibaba.nacos.client.naming :61  [0;39m main [32m                  [0;39m initializer namespace from System Property : null
22:05.206 [34mINFO [0;39m [34mc.alibaba.nacos.client.naming :65  [0;39m main [32m                  [0;39m initializer namespace from System Environment :null
22:05.206 [34mINFO [0;39m [34mc.alibaba.nacos.client.naming :72  [0;39m main [32m                  [0;39m initializer namespace from System Property :train
22:05.233 [34mINFO [0;39m [34mc.a.n.p.a.s.c.ClientAuthPluginManager:56  [0;39m main [32m                  [0;39m [ClientAuthPluginManager] Load ClientAuthService com.alibaba.nacos.client.auth.impl.NacosClientAuthServiceImpl success.
22:05.233 [34mINFO [0;39m [34mc.a.n.p.a.s.c.ClientAuthPluginManager:56  [0;39m main [32m                  [0;39m [ClientAuthPluginManager] Load ClientAuthService com.alibaba.nacos.client.auth.ram.RamClientAuthServiceImpl success.
22:05.238 [34mINFO [0;39m [34mc.a.nacos.common.remote.client:94  [0;39m main [32m                  [0;39m [RpcClientFactory] create a new rpc client of 8dc9f039-d36f-4c14-adcf-7048cbed9751
22:05.242 [34mINFO [0;39m [34mc.a.nacos.common.remote.client:60  [0;39m main [32m                  [0;39m [8dc9f039-d36f-4c14-adcf-7048cbed9751] RpcClient init, ServerListFactory = com.alibaba.nacos.client.naming.core.ServerListManager
22:05.243 [34mINFO [0;39m [34mc.a.nacos.common.remote.client:60  [0;39m main [32m                  [0;39m [8dc9f039-d36f-4c14-adcf-7048cbed9751] Registry connection listener to current client:com.alibaba.nacos.client.naming.remote.gprc.redo.NamingGrpcRedoService
22:05.244 [34mINFO [0;39m [34mc.a.nacos.common.remote.client:60  [0;39m main [32m                  [0;39m [8dc9f039-d36f-4c14-adcf-7048cbed9751] Register server push request handler:com.alibaba.nacos.client.naming.remote.gprc.NamingPushRequestHandler
22:05.245 [34mINFO [0;39m [34mc.a.nacos.common.remote.client:60  [0;39m main [32m                  [0;39m [8dc9f039-d36f-4c14-adcf-7048cbed9751] Try to connect to server on start up, server: {serverIp = '127.0.0.1', server main port = 8848}
22:05.364 [34mINFO [0;39m [34mc.a.nacos.common.remote.client:60  [0;39m main [32m                  [0;39m [8dc9f039-d36f-4c14-adcf-7048cbed9751] Success to connect to server [127.0.0.1:8848] on start up, connectionId = 1777897325252_127.0.0.1_3478
22:05.365 [34mINFO [0;39m [34mc.a.nacos.common.remote.client:60  [0;39m main [32m                  [0;39m [8dc9f039-d36f-4c14-adcf-7048cbed9751] Register server push request handler:com.alibaba.nacos.common.remote.client.RpcClient$ConnectResetRequestHandler
22:05.365 [34mINFO [0;39m [34mc.a.nacos.common.remote.client:60  [0;39m com.alibaba.nacos.client.remote.worker [32m                  [0;39m [8dc9f039-d36f-4c14-adcf-7048cbed9751] Notify connected event to listeners.
22:05.365 [34mINFO [0;39m [34mc.a.nacos.common.remote.client:60  [0;39m main [32m                  [0;39m [8dc9f039-d36f-4c14-adcf-7048cbed9751] Register server push request handler:com.alibaba.nacos.common.remote.client.RpcClient$$Lambda$543/0x000000080106ebf8
22:05.365 [34mINFO [0;39m [34mc.alibaba.nacos.client.naming :78  [0;39m com.alibaba.nacos.client.remote.worker [32m                  [0;39m Grpc connection connect
22:05.366 [34mINFO [0;39m [34mc.alibaba.nacos.client.naming :120 [0;39m main [32m                  [0;39m [REGISTER-SERVICE] train registering service member with instance Instance{instanceId='null', ip='192.168.28.1', port=9091, weight=1.0, healthy=true, enabled=true, ephemeral=true, clusterName='DEFAULT', serviceName='null', metadata={preserved.register.source=SPRING_CLOUD}}
22:05.383 [34mINFO [0;39m [34mc.a.c.n.r.NacosServiceRegistry:76  [0;39m main [32m                  [0;39m nacos registry, DEFAULT_GROUP member 192.168.28.1:9091 register finished
22:06.638 [34mINFO [0;39m [34mo.s.c.commons.util.InetUtils  :170 [0;39m main [32m                  [0;39m Cannot determine local hostname
22:06.674 [34mINFO [0;39m [34mc.j.t.m.c.MemberApplication   :57  [0;39m main [32m                  [0;39m Started MemberApplication in 12.877 seconds (process running for 13.512)
22:06.687 [34mINFO [0;39m [34mc.a.n.c.config.impl.CacheData :67  [0;39m main [32m                  [0;39m nacos.cache.data.init.snapshot = true 
22:06.688 [34mINFO [0;39m [34mc.a.n.c.c.impl.ClientWorker   :379 [0;39m main [32m                  [0;39m [fixed-train-127.0.0.1_8848] [subscribe] member+DEFAULT_GROUP+train
22:06.717 [34mINFO [0;39m [34mc.a.n.c.config.impl.CacheData :197 [0;39m main [32m                  [0;39m [fixed-train-127.0.0.1_8848] [add-listener] ok, tenant=train, dataId=member, group=DEFAULT_GROUP, cnt=1
22:06.718 [34mINFO [0;39m [34mc.a.c.n.r.NacosContextRefresher:129 [0;39m main [32m                  [0;39m [Nacos Config] Listening config: dataId=member, group=DEFAULT_GROUP
22:06.718 [34mINFO [0;39m [34mc.a.n.c.c.impl.ClientWorker   :379 [0;39m main [32m                  [0;39m [fixed-train-127.0.0.1_8848] [subscribe] member-dev.properties+DEFAULT_GROUP+train
22:06.719 [34mINFO [0;39m [34mc.a.n.c.config.impl.CacheData :197 [0;39m main [32m                  [0;39m [fixed-train-127.0.0.1_8848] [add-listener] ok, tenant=train, dataId=member-dev.properties, group=DEFAULT_GROUP, cnt=1
22:06.719 [34mINFO [0;39m [34mc.a.c.n.r.NacosContextRefresher:129 [0;39m main [32m                  [0;39m [Nacos Config] Listening config: dataId=member-dev.properties, group=DEFAULT_GROUP
22:06.719 [34mINFO [0;39m [34mc.a.n.c.c.impl.ClientWorker   :379 [0;39m main [32m                  [0;39m [fixed-train-127.0.0.1_8848] [subscribe] member.properties+DEFAULT_GROUP+train
22:06.719 [34mINFO [0;39m [34mc.a.n.c.config.impl.CacheData :197 [0;39m main [32m                  [0;39m [fixed-train-127.0.0.1_8848] [add-listener] ok, tenant=train, dataId=member.properties, group=DEFAULT_GROUP, cnt=1
22:06.719 [34mINFO [0;39m [34mc.a.c.n.r.NacosContextRefresher:129 [0;39m main [32m                  [0;39m [Nacos Config] Listening config: dataId=member.properties, group=DEFAULT_GROUP
22:06.720 [34mINFO [0;39m [34mc.j.t.m.c.MemberApplication   :21  [0;39m main [32m                  [0;39m Æô¶¯³É¹¦£¡£¡
22:06.721 [34mINFO [0;39m [34mc.j.t.m.c.MemberApplication   :22  [0;39m main [32m                  [0;39m ²âÊÔµØÖ·: 	http://127.0.0.1:9091/member/hello
23:06.337 [34mINFO [0;39m [34mo.a.c.c.C.[.[.[/member]       :173 [0;39m http-nio-9091-exec-1 [32m                  [0;39m Initializing Spring DispatcherServlet 'dispatcherServlet'
23:06.338 [34mINFO [0;39m [34mo.s.w.s.DispatcherServlet     :525 [0;39m http-nio-9091-exec-1 [32m                  [0;39m Initializing Servlet 'dispatcherServlet'
23:06.340 [34mINFO [0;39m [34mo.s.w.s.DispatcherServlet     :547 [0;39m http-nio-9091-exec-1 [32m                  [0;39m Completed initialization in 1 ms
23:06.582 [34mINFO [0;39m [34mc.j.t.common.aspect.LogAspect :52  [0;39m http-nio-9091-exec-1 [32m1777897386369drt  [0;39m ------------- ¿ªÊ¼ -------------
23:06.584 [34mINFO [0;39m [34mc.j.t.common.aspect.LogAspect :53  [0;39m http-nio-9091-exec-1 [32m1777897386369drt  [0;39m ÇëÇóµØÖ·: http://192.168.28.1:9091/member/member/login POST
23:06.587 [34mINFO [0;39m [34mc.j.t.common.aspect.LogAspect :54  [0;39m http-nio-9091-exec-1 [32m1777897386369drt  [0;39m ÀàÃû·½·¨: com.jiawa.train.member.controller.MemberController.login
23:06.588 [34mINFO [0;39m [34mc.j.t.common.aspect.LogAspect :55  [0;39m http-nio-9091-exec-1 [32m1777897386369drt  [0;39m Ô¶³ÌµØÖ·: 192.168.28.1
23:06.722 [34mINFO [0;39m [34mc.j.t.common.aspect.LogAspect :76  [0;39m http-nio-9091-exec-1 [32m1777897386369drt  [0;39m ÇëÇó²ÎÊý: [{"code":"8888","mobile":"13000000000"}]
23:06.840 [34mINFO [0;39m [34mc.z.hikari.HikariDataSource   :110 [0;39m http-nio-9091-exec-1 [32m1777897386369drt  [0;39m HikariPool-1 - Starting...
23:07.451 [34mINFO [0;39m [34mc.z.hikari.pool.HikariPool    :565 [0;39m http-nio-9091-exec-1 [32m1777897386369drt  [0;39m HikariPool-1 - Added connection com.mysql.cj.jdbc.ConnectionImpl@2f3d0fd6
23:07.454 [34mINFO [0;39m [34mc.z.hikari.HikariDataSource   :123 [0;39m http-nio-9091-exec-1 [32m1777897386369drt  [0;39m HikariPool-1 - Start completed.
23:07.468 [39mDEBUG[0;39m [34mc.j.t.m.m.M.selectByExample   :137 [0;39m http-nio-9091-exec-1 [32m1777897386369drt  [0;39m ==>  Preparing: select id, mobile from member WHERE ( mobile = ? )
23:07.518 [39mDEBUG[0;39m [34mc.j.t.m.m.M.selectByExample   :137 [0;39m http-nio-9091-exec-1 [32m1777897386369drt  [0;39m ==> Parameters: 13000000000(String)
23:07.553 [39mTRACE[0;39m [34mc.j.t.m.m.M.selectByExample   :143 [0;39m http-nio-9091-exec-1 [32m1777897386369drt  [0;39m <==    Columns: id, mobile
23:07.554 [39mTRACE[0;39m [34mc.j.t.m.m.M.selectByExample   :143 [0;39m http-nio-9091-exec-1 [32m1777897386369drt  [0;39m <==        Row: 1994648397725962240, 13000000000
23:07.556 [39mDEBUG[0;39m [34mc.j.t.m.m.M.selectByExample   :137 [0;39m http-nio-9091-exec-1 [32m1777897386369drt  [0;39m <==      Total: 1
23:07.656 [34mINFO [0;39m [34mc.j.train.common.util.JwtUtil :25  [0;39m http-nio-9091-exec-1 [32m1777897386369drt  [0;39m ¿ªÊ¼Éú³ÉJWT token£¬id£º1994648397725962240£¬mobile£º13000000000
23:07.842 [34mINFO [0;39m [34mc.j.train.common.util.JwtUtil :40  [0;39m http-nio-9091-exec-1 [32m1777897386369drt  [0;39m Éú³ÉJWT token£ºeyJ0eXAiOiJKV1QiLCJhbGciOiJIUzI1NiJ9.eyJuYmYiOjE3Nzc4OTczODcsIm1vYmlsZSI6IjEzMDAwMDAwMDAwIiwiaWQiOjE5OTQ2NDgzOTc3MjU5NjIyNDAsImV4cCI6MTc3Nzk4Mzc4NywiaWF0IjoxNzc3ODk3Mzg3fQ.JspWajWK7eWlY92avn470-eS63ALyvntp6ilIuvvszs
23:07.851 [34mINFO [0;39m [34mc.j.t.common.aspect.LogAspect :88  [0;39m http-nio-9091-exec-1 [32m1777897386369drt  [0;39m ·µ»Ø½á¹û: {"content":{"id":1994648397725962240,"mobile":"13000000000","token":"eyJ0eXAiOiJKV1QiLCJhbGciOiJIUzI1NiJ9.eyJuYmYiOjE3Nzc4OTczODcsIm1vYmlsZSI6IjEzMDAwMDAwMDAwIiwiaWQiOjE5OTQ2NDgzOTc3MjU5NjIyNDAsImV4cCI6MTc3Nzk4Mzc4NywiaWF0IjoxNzc3ODk3Mzg3fQ.JspWajWK7eWlY92avn470-eS63ALyvntp6ilIuvvszs"},"success":true}
23:07.852 [34mINFO [0;39m [34mc.j.t.common.aspect.LogAspect :89  [0;39m http-nio-9091-exec-1 [32m1777897386369drt  [0;39m ------------- ½áÊø ºÄÊ±£º1272 ms -------------
23:20.021 [34mINFO [0;39m [34mc.j.t.common.aspect.LogAspect :52  [0;39m http-nio-9091-exec-2 [32m1777897400020m0u  [0;39m ------------- ¿ªÊ¼ -------------
23:20.022 [34mINFO [0;39m [34mc.j.t.common.aspect.LogAspect :53  [0;39m http-nio-9091-exec-2 [32m1777897400020m0u  [0;39m ÇëÇóµØÖ·: http://192.168.28.1:9091/member/member/login POST
23:20.022 [34mINFO [0;39m [34mc.j.t.common.aspect.LogAspect :54  [0;39m http-nio-9091-exec-2 [32m1777897400020m0u  [0;39m ÀàÃû·½·¨: com.jiawa.train.member.controller.MemberController.login
23:20.022 [34mINFO [0;39m [34mc.j.t.common.aspect.LogAspect :55  [0;39m http-nio-9091-exec-2 [32m1777897400020m0u  [0;39m Ô¶³ÌµØÖ·: 192.168.28.1
23:20.023 [34mINFO [0;39m [34mc.j.t.common.aspect.LogAspect :76  [0;39m http-nio-9091-exec-2 [32m1777897400020m0u  [0;39m ÇëÇó²ÎÊý: [{"code":"8888","mobile":"13000000000"}]
23:20.025 [39mDEBUG[0;39m [34mc.j.t.m.m.M.selectByExample   :137 [0;39m http-nio-9091-exec-2 [32m1777897400020m0u  [0;39m ==>  Preparing: select id, mobile from member WHERE ( mobile = ? )
23:20.026 [39mDEBUG[0;39m [34mc.j.t.m.m.M.selectByExample   :137 [0;39m http-nio-9091-exec-2 [32m1777897400020m0u  [0;39m ==> Parameters: 13000000000(String)
23:20.028 [39mTRACE[0;39m [34mc.j.t.m.m.M.selectByExample   :143 [0;39m http-nio-9091-exec-2 [32m1777897400020m0u  [0;39m <==    Columns: id, mobile
23:20.029 [39mTRACE[0;39m [34mc.j.t.m.m.M.selectByExample   :143 [0;39m http-nio-9091-exec-2 [32m1777897400020m0u  [0;39m <==        Row: 1994648397725962240, 13000000000
23:20.029 [39mDEBUG[0;39m [34mc.j.t.m.m.M.selectByExample   :137 [0;39m http-nio-9091-exec-2 [32m1777897400020m0u  [0;39m <==      Total: 1
23:20.030 [34mINFO [0;39m [34mc.j.train.common.util.JwtUtil :25  [0;39m http-nio-9091-exec-2 [32m1777897400020m0u  [0;39m ¿ªÊ¼Éú³ÉJWT token£¬id£º1994648397725962240£¬mobile£º13000000000
23:20.032 [34mINFO [0;39m [34mc.j.train.common.util.JwtUtil :40  [0;39m http-nio-9091-exec-2 [32m1777897400020m0u  [0;39m Éú³ÉJWT token£ºeyJ0eXAiOiJKV1QiLCJhbGciOiJIUzI1NiJ9.eyJuYmYiOjE3Nzc4OTc0MDAsIm1vYmlsZSI6IjEzMDAwMDAwMDAwIiwiaWQiOjE5OTQ2NDgzOTc3MjU5NjIyNDAsImV4cCI6MTc3Nzk4MzgwMCwiaWF0IjoxNzc3ODk3NDAwfQ.P7XdnMwZItpg1G7IDKFoj2_2AQ-pEf1mrEAf7nokda4
23:20.032 [34mINFO [0;39m [34mc.j.t.common.aspect.LogAspect :88  [0;39m http-nio-9091-exec-2 [32m1777897400020m0u  [0;39m ·µ»Ø½á¹û: {"content":{"id":1994648397725962240,"mobile":"13000000000","token":"eyJ0eXAiOiJKV1QiLCJhbGciOiJIUzI1NiJ9.eyJuYmYiOjE3Nzc4OTc0MDAsIm1vYmlsZSI6IjEzMDAwMDAwMDAwIiwiaWQiOjE5OTQ2NDgzOTc3MjU5NjIyNDAsImV4cCI6MTc3Nzk4MzgwMCwiaWF0IjoxNzc3ODk3NDAwfQ.P7XdnMwZItpg1G7IDKFoj2_2AQ-pEf1mrEAf7nokda4"},"success":true}
23:20.032 [34mINFO [0;39m [34mc.j.t.common.aspect.LogAspect :89  [0;39m http-nio-9091-exec-2 [32m1777897400020m0u  [0;39m ------------- ½áÊø ºÄÊ±£º11 ms -------------
31:12.113 [34mINFO [0;39m [34mc.j.t.c.i.MemberInterceptor   :26  [0;39m http-nio-9091-exec-4 [32m17778978721134bz  [0;39m MemberInterceptor¿ªÊ¼
31:12.114 [34mINFO [0;39m [34mc.j.t.c.i.MemberInterceptor   :36  [0;39m http-nio-9091-exec-4 [32m17778978721134bz  [0;39m MemberInterceptor½áÊø
31:12.141 [34mINFO [0;39m [34mc.j.t.common.aspect.LogAspect :52  [0;39m http-nio-9091-exec-4 [32m17778978721134bz  [0;39m ------------- ¿ªÊ¼ -------------
31:12.142 [34mINFO [0;39m [34mc.j.t.common.aspect.LogAspect :53  [0;39m http-nio-9091-exec-4 [32m17778978721134bz  [0;39m ÇëÇóµØÖ·: http://127.0.0.1:9091/member/feign/ticket/save POST
31:12.142 [34mINFO [0;39m [34mc.j.t.common.aspect.LogAspect :54  [0;39m http-nio-9091-exec-4 [32m17778978721134bz  [0;39m ÀàÃû·½·¨: com.jiawa.train.member.controller.feign.FeignTicketController.save
31:12.143 [34mINFO [0;39m [34mc.j.t.common.aspect.LogAspect :55  [0;39m http-nio-9091-exec-4 [32m17778978721134bz  [0;39m Ô¶³ÌµØÖ·: 127.0.0.1
31:12.149 [34mINFO [0;39m [34mc.j.t.common.aspect.LogAspect :76  [0;39m http-nio-9091-exec-4 [32m17778978721134bz  [0;39m ÇëÇó²ÎÊý: [{"carriageIndex":2,"endStation":"ÎäººÕ¾","endTime":21600000,"memberId":1994648397725962240,"passengerId":2003822171247480832,"passengerName":"¹ØÓð","seatCol":"D","seatRow":"01","seatType":"1","startStation":"³É¶¼¶«Õ¾","startTime":0,"trainCode":"GB123","trainDate":1777910400000}]
31:12.160 [39mDEBUG[0;39m [34mc.j.t.m.m.TicketMapper.insert :137 [0;39m http-nio-9091-exec-4 [32m17778978721134bz  [0;39m ==>  Preparing: insert into ticket (id, member_id, passenger_id, passenger_name, train_date, train_code, carriage_index, seat_row, seat_col, start_station, start_time, end_station, end_time, seat_type, create_time, update_time) values (?, ?, ?, ?, ?, ?, ?, ?, ?, ?, ?, ?, ?, ?, ?, ?)
31:12.163 [39mDEBUG[0;39m [34mc.j.t.m.m.TicketMapper.insert :137 [0;39m http-nio-9091-exec-4 [32m17778978721134bz  [0;39m ==> Parameters: 2051278467240169472(Long), 1994648397725962240(Long), 2003822171247480832(Long), ¹ØÓð(String), 2026-05-05(Date), GB123(String), 2(Integer), 01(String), D(String), ³É¶¼¶«Õ¾(String), 08:00:00(Time), ÎäººÕ¾(String), 14:00:00(Time), 1(String), 2026-05-04 20:31:12.15(Timestamp), 2026-05-04 20:31:12.15(Timestamp)
31:12.179 [39mDEBUG[0;39m [34mc.j.t.m.m.TicketMapper.insert :137 [0;39m http-nio-9091-exec-4 [32m17778978721134bz  [0;39m <==    Updates: 1
31:12.180 [34mINFO [0;39m [34mc.j.t.common.aspect.LogAspect :88  [0;39m http-nio-9091-exec-4 [32m17778978721134bz  [0;39m ·µ»Ø½á¹û: {"success":true}
31:12.180 [34mINFO [0;39m [34mc.j.t.common.aspect.LogAspect :89  [0;39m http-nio-9091-exec-4 [32m17778978721134bz  [0;39m ------------- ½áÊø ºÄÊ±£º39 ms -------------
31:12.242 [34mINFO [0;39m [34mc.j.t.c.i.MemberInterceptor   :26  [0;39m http-nio-9091-exec-5 [32m17778978722426ig  [0;39m MemberInterceptor¿ªÊ¼
31:12.243 [34mINFO [0;39m [34mc.j.t.c.i.MemberInterceptor   :36  [0;39m http-nio-9091-exec-5 [32m17778978722426ig  [0;39m MemberInterceptor½áÊø
31:12.245 [34mINFO [0;39m [34mc.j.t.common.aspect.LogAspect :52  [0;39m http-nio-9091-exec-5 [32m17778978722426ig  [0;39m ------------- ¿ªÊ¼ -------------
31:12.246 [34mINFO [0;39m [34mc.j.t.common.aspect.LogAspect :53  [0;39m http-nio-9091-exec-5 [32m17778978722426ig  [0;39m ÇëÇóµØÖ·: http://127.0.0.1:9091/member/feign/ticket/save POST
31:12.246 [34mINFO [0;39m [34mc.j.t.common.aspect.LogAspect :54  [0;39m http-nio-9091-exec-5 [32m17778978722426ig  [0;39m ÀàÃû·½·¨: com.jiawa.train.member.controller.feign.FeignTicketController.save
31:12.246 [34mINFO [0;39m [34mc.j.t.common.aspect.LogAspect :55  [0;39m http-nio-9091-exec-5 [32m17778978722426ig  [0;39m Ô¶³ÌµØÖ·: 127.0.0.1
31:12.247 [34mINFO [0;39m [34mc.j.t.common.aspect.LogAspect :76  [0;39m http-nio-9091-exec-5 [32m17778978722426ig  [0;39m ÇëÇó²ÎÊý: [{"carriageIndex":1,"endStation":"ÎäººÕ¾","endTime":21600000,"memberId":1994648397725962240,"passengerId":2003822171247480832,"passengerName":"¹ØÓð","seatCol":"D","seatRow":"01","seatType":"1","startStation":"³É¶¼¶«Õ¾","startTime":0,"trainCode":"GB123","trainDate":1777910400000}]
31:12.248 [39mDEBUG[0;39m [34mc.j.t.m.m.TicketMapper.insert :137 [0;39m http-nio-9091-exec-5 [32m17778978722426ig  [0;39m ==>  Preparing: insert into ticket (id, member_id, passenger_id, passenger_name, train_date, train_code, carriage_index, seat_row, seat_col, start_station, start_time, end_station, end_time, seat_type, create_time, update_time) values (?, ?, ?, ?, ?, ?, ?, ?, ?, ?, ?, ?, ?, ?, ?, ?)
31:12.251 [39mDEBUG[0;39m [34mc.j.t.m.m.TicketMapper.insert :137 [0;39m http-nio-9091-exec-5 [32m17778978722426ig  [0;39m ==> Parameters: 2051278467617656832(Long), 1994648397725962240(Long), 2003822171247480832(Long), ¹ØÓð(String), 2026-05-05(Date), GB123(String), 1(Integer), 01(String), D(String), ³É¶¼¶«Õ¾(String), 08:00:00(Time), ÎäººÕ¾(String), 14:00:00(Time), 1(String), 2026-05-04 20:31:12.247(Timestamp), 2026-05-04 20:31:12.247(Timestamp)
31:12.255 [39mDEBUG[0;39m [34mc.j.t.m.m.TicketMapper.insert :137 [0;39m http-nio-9091-exec-5 [32m17778978722426ig  [0;39m <==    Updates: 1
31:12.256 [34mINFO [0;39m [34mc.j.t.common.aspect.LogAspect :88  [0;39m http-nio-9091-exec-5 [32m17778978722426ig  [0;39m ·µ»Ø½á¹û: {"success":true}
31:12.256 [34mINFO [0;39m [34mc.j.t.common.aspect.LogAspect :89  [0;39m http-nio-9091-exec-5 [32m17778978722426ig  [0;39m ------------- ½áÊø ºÄÊ±£º11 ms -------------
31:12.302 [34mINFO [0;39m [34mc.j.t.c.i.MemberInterceptor   :26  [0;39m http-nio-9091-exec-6 [32m1777897872302isq  [0;39m MemberInterceptor¿ªÊ¼
31:12.302 [34mINFO [0;39m [34mc.j.t.c.i.MemberInterceptor   :36  [0;39m http-nio-9091-exec-6 [32m1777897872302isq  [0;39m MemberInterceptor½áÊø
31:12.303 [34mINFO [0;39m [34mc.j.t.common.aspect.LogAspect :52  [0;39m http-nio-9091-exec-6 [32m1777897872302isq  [0;39m ------------- ¿ªÊ¼ -------------
31:12.304 [34mINFO [0;39m [34mc.j.t.common.aspect.LogAspect :53  [0;39m http-nio-9091-exec-6 [32m1777897872302isq  [0;39m ÇëÇóµØÖ·: http://127.0.0.1:9091/member/feign/ticket/save POST
31:12.304 [34mINFO [0;39m [34mc.j.t.common.aspect.LogAspect :54  [0;39m http-nio-9091-exec-6 [32m1777897872302isq  [0;39m ÀàÃû·½·¨: com.jiawa.train.member.controller.feign.FeignTicketController.save
31:12.304 [34mINFO [0;39m [34mc.j.t.common.aspect.LogAspect :55  [0;39m http-nio-9091-exec-6 [32m1777897872302isq  [0;39m Ô¶³ÌµØÖ·: 127.0.0.1
31:12.305 [34mINFO [0;39m [34mc.j.t.common.aspect.LogAspect :76  [0;39m http-nio-9091-exec-6 [32m1777897872302isq  [0;39m ÇëÇó²ÎÊý: [{"carriageIndex":2,"endStation":"ÎäººÕ¾","endTime":21600000,"memberId":1994648397725962240,"passengerId":2003822171247480832,"passengerName":"¹ØÓð","seatCol":"C","seatRow":"05","seatType":"1","startStation":"³É¶¼¶«Õ¾","startTime":0,"trainCode":"GB123","trainDate":1777910400000}]
31:12.306 [39mDEBUG[0;39m [34mc.j.t.m.m.TicketMapper.insert :137 [0;39m http-nio-9091-exec-6 [32m1777897872302isq  [0;39m ==>  Preparing: insert into ticket (id, member_id, passenger_id, passenger_name, train_date, train_code, carriage_index, seat_row, seat_col, start_station, start_time, end_station, end_time, seat_type, create_time, update_time) values (?, ?, ?, ?, ?, ?, ?, ?, ?, ?, ?, ?, ?, ?, ?, ?)
31:12.307 [39mDEBUG[0;39m [34mc.j.t.m.m.TicketMapper.insert :137 [0;39m http-nio-9091-exec-6 [32m1777897872302isq  [0;39m ==> Parameters: 2051278467856732160(Long), 1994648397725962240(Long), 2003822171247480832(Long), ¹ØÓð(String), 2026-05-05(Date), GB123(String), 2(Integer), 05(String), C(String), ³É¶¼¶«Õ¾(String), 08:00:00(Time), ÎäººÕ¾(String), 14:00:00(Time), 1(String), 2026-05-04 20:31:12.305(Timestamp), 2026-05-04 20:31:12.305(Timestamp)
31:12.311 [39mDEBUG[0;39m [34mc.j.t.m.m.TicketMapper.insert :137 [0;39m http-nio-9091-exec-6 [32m1777897872302isq  [0;39m <==    Updates: 1
31:12.312 [34mINFO [0;39m [34mc.j.t.common.aspect.LogAspect :88  [0;39m http-nio-9091-exec-6 [32m1777897872302isq  [0;39m ·µ»Ø½á¹û: {"success":true}
31:12.312 [34mINFO [0;39m [34mc.j.t.common.aspect.LogAspect :89  [0;39m http-nio-9091-exec-6 [32m1777897872302isq  [0;39m ------------- ½áÊø ºÄÊ±£º9 ms -------------
31:12.363 [34mINFO [0;39m [34mc.j.t.c.i.MemberInterceptor   :26  [0;39m http-nio-9091-exec-7 [32m177789787236379i  [0;39m MemberInterceptor¿ªÊ¼
31:12.363 [34mINFO [0;39m [34mc.j.t.c.i.MemberInterceptor   :36  [0;39m http-nio-9091-exec-7 [32m177789787236379i  [0;39m MemberInterceptor½áÊø
31:12.365 [34mINFO [0;39m [34mc.j.t.common.aspect.LogAspect :52  [0;39m http-nio-9091-exec-7 [32m177789787236379i  [0;39m ------------- ¿ªÊ¼ -------------
31:12.365 [34mINFO [0;39m [34mc.j.t.common.aspect.LogAspect :53  [0;39m http-nio-9091-exec-7 [32m177789787236379i  [0;39m ÇëÇóµØÖ·: http://127.0.0.1:9091/member/feign/ticket/save POST
31:12.366 [34mINFO [0;39m [34mc.j.t.common.aspect.LogAspect :54  [0;39m http-nio-9091-exec-7 [32m177789787236379i  [0;39m ÀàÃû·½·¨: com.jiawa.train.member.controller.feign.FeignTicketController.save
31:12.366 [34mINFO [0;39m [34mc.j.t.common.aspect.LogAspect :55  [0;39m http-nio-9091-exec-7 [32m177789787236379i  [0;39m Ô¶³ÌµØÖ·: 127.0.0.1
31:12.366 [34mINFO [0;39m [34mc.j.t.common.aspect.LogAspect :76  [0;39m http-nio-9091-exec-7 [32m177789787236379i  [0;39m ÇëÇó²ÎÊý: [{"carriageIndex":1,"endStation":"ÎäººÕ¾","endTime":21600000,"memberId":1994648397725962240,"passengerId":2003822171247480832,"passengerName":"¹ØÓð","seatCol":"F","seatRow":"02","seatType":"1","startStation":"³É¶¼¶«Õ¾","startTime":0,"trainCode":"GB123","trainDate":1777910400000}]
31:12.368 [39mDEBUG[0;39m [34mc.j.t.m.m.TicketMapper.insert :137 [0;39m http-nio-9091-exec-7 [32m177789787236379i  [0;39m ==>  Preparing: insert into ticket (id, member_id, passenger_id, passenger_name, train_date, train_code, carriage_index, seat_row, seat_col, start_station, start_time, end_station, end_time, seat_type, create_time, update_time) values (?, ?, ?, ?, ?, ?, ?, ?, ?, ?, ?, ?, ?, ?, ?, ?)
31:12.370 [39mDEBUG[0;39m [34mc.j.t.m.m.TicketMapper.insert :137 [0;39m http-nio-9091-exec-7 [32m177789787236379i  [0;39m ==> Parameters: 2051278468116779008(Long), 1994648397725962240(Long), 2003822171247480832(Long), ¹ØÓð(String), 2026-05-05(Date), GB123(String), 1(Integer), 02(String), F(String), ³É¶¼¶«Õ¾(String), 08:00:00(Time), ÎäººÕ¾(String), 14:00:00(Time), 1(String), 2026-05-04 20:31:12.366(Timestamp), 2026-05-04 20:31:12.366(Timestamp)
31:12.374 [39mDEBUG[0;39m [34mc.j.t.m.m.TicketMapper.insert :137 [0;39m http-nio-9091-exec-7 [32m177789787236379i  [0;39m <==    Updates: 1
31:12.375 [34mINFO [0;39m [34mc.j.t.common.aspect.LogAspect :88  [0;39m http-nio-9091-exec-7 [32m177789787236379i  [0;39m ·µ»Ø½á¹û: {"success":true}
31:12.375 [34mINFO [0;39m [34mc.j.t.common.aspect.LogAspect :89  [0;39m http-nio-9091-exec-7 [32m177789787236379i  [0;39m ------------- ½áÊø ºÄÊ±£º10 ms -------------
31:12.419 [34mINFO [0;39m [34mc.j.t.c.i.MemberInterceptor   :26  [0;39m http-nio-9091-exec-8 [32m177789787241911b  [0;39m MemberInterceptor¿ªÊ¼
31:12.419 [34mINFO [0;39m [34mc.j.t.c.i.MemberInterceptor   :36  [0;39m http-nio-9091-exec-8 [32m177789787241911b  [0;39m MemberInterceptor½áÊø
31:12.421 [34mINFO [0;39m [34mc.j.t.common.aspect.LogAspect :52  [0;39m http-nio-9091-exec-8 [32m177789787241911b  [0;39m ------------- ¿ªÊ¼ -------------
31:12.421 [34mINFO [0;39m [34mc.j.t.common.aspect.LogAspect :53  [0;39m http-nio-9091-exec-8 [32m177789787241911b  [0;39m ÇëÇóµØÖ·: http://127.0.0.1:9091/member/feign/ticket/save POST
31:12.421 [34mINFO [0;39m [34mc.j.t.common.aspect.LogAspect :54  [0;39m http-nio-9091-exec-8 [32m177789787241911b  [0;39m ÀàÃû·½·¨: com.jiawa.train.member.controller.feign.FeignTicketController.save
31:12.422 [34mINFO [0;39m [34mc.j.t.common.aspect.LogAspect :55  [0;39m http-nio-9091-exec-8 [32m177789787241911b  [0;39m Ô¶³ÌµØÖ·: 127.0.0.1
31:12.422 [34mINFO [0;39m [34mc.j.t.common.aspect.LogAspect :76  [0;39m http-nio-9091-exec-8 [32m177789787241911b  [0;39m ÇëÇó²ÎÊý: [{"carriageIndex":2,"endStation":"ÎäººÕ¾","endTime":21600000,"memberId":1994648397725962240,"passengerId":2003822171247480832,"passengerName":"¹ØÓð","seatCol":"D","seatRow":"07","seatType":"1","startStation":"³É¶¼¶«Õ¾","startTime":0,"trainCode":"GB123","trainDate":1777910400000}]
31:12.423 [39mDEBUG[0;39m [34mc.j.t.m.m.TicketMapper.insert :137 [0;39m http-nio-9091-exec-8 [32m177789787241911b  [0;39m ==>  Preparing: insert into ticket (id, member_id, passenger_id, passenger_name, train_date, train_code, carriage_index, seat_row, seat_col, start_station, start_time, end_station, end_time, seat_type, create_time, update_time) values (?, ?, ?, ?, ?, ?, ?, ?, ?, ?, ?, ?, ?, ?, ?, ?)
31:12.425 [39mDEBUG[0;39m [34mc.j.t.m.m.TicketMapper.insert :137 [0;39m http-nio-9091-exec-8 [32m177789787241911b  [0;39m ==> Parameters: 2051278468351660032(Long), 1994648397725962240(Long), 2003822171247480832(Long), ¹ØÓð(String), 2026-05-05(Date), GB123(String), 2(Integer), 07(String), D(String), ³É¶¼¶«Õ¾(String), 08:00:00(Time), ÎäººÕ¾(String), 14:00:00(Time), 1(String), 2026-05-04 20:31:12.422(Timestamp), 2026-05-04 20:31:12.422(Timestamp)
31:12.428 [39mDEBUG[0;39m [34mc.j.t.m.m.TicketMapper.insert :137 [0;39m http-nio-9091-exec-8 [32m177789787241911b  [0;39m <==    Updates: 1
31:12.430 [34mINFO [0;39m [34mc.j.t.common.aspect.LogAspect :88  [0;39m http-nio-9091-exec-8 [32m177789787241911b  [0;39m ·µ»Ø½á¹û: {"success":true}
31:12.430 [34mINFO [0;39m [34mc.j.t.common.aspect.LogAspect :89  [0;39m http-nio-9091-exec-8 [32m177789787241911b  [0;39m ------------- ½áÊø ºÄÊ±£º9 ms -------------
31:12.473 [34mINFO [0;39m [34mc.j.t.c.i.MemberInterceptor   :26  [0;39m http-nio-9091-exec-9 [32m1777897872473lon  [0;39m MemberInterceptor¿ªÊ¼
31:12.473 [34mINFO [0;39m [34mc.j.t.c.i.MemberInterceptor   :36  [0;39m http-nio-9091-exec-9 [32m1777897872473lon  [0;39m MemberInterceptor½áÊø
31:12.475 [34mINFO [0;39m [34mc.j.t.common.aspect.LogAspect :52  [0;39m http-nio-9091-exec-9 [32m1777897872473lon  [0;39m ------------- ¿ªÊ¼ -------------
31:12.475 [34mINFO [0;39m [34mc.j.t.common.aspect.LogAspect :53  [0;39m http-nio-9091-exec-9 [32m1777897872473lon  [0;39m ÇëÇóµØÖ·: http://127.0.0.1:9091/member/feign/ticket/save POST
31:12.475 [34mINFO [0;39m [34mc.j.t.common.aspect.LogAspect :54  [0;39m http-nio-9091-exec-9 [32m1777897872473lon  [0;39m ÀàÃû·½·¨: com.jiawa.train.member.controller.feign.FeignTicketController.save
31:12.475 [34mINFO [0;39m [34mc.j.t.common.aspect.LogAspect :55  [0;39m http-nio-9091-exec-9 [32m1777897872473lon  [0;39m Ô¶³ÌµØÖ·: 127.0.0.1
31:12.476 [34mINFO [0;39m [34mc.j.t.common.aspect.LogAspect :76  [0;39m http-nio-9091-exec-9 [32m1777897872473lon  [0;39m ÇëÇó²ÎÊý: [{"carriageIndex":1,"endStation":"ÎäººÕ¾","endTime":21600000,"memberId":1994648397725962240,"passengerId":2003822171247480832,"passengerName":"¹ØÓð","seatCol":"A","seatRow":"09","seatType":"1","startStation":"³É¶¼¶«Õ¾","startTime":0,"trainCode":"GB123","trainDate":1777910400000}]
31:12.476 [39mDEBUG[0;39m [34mc.j.t.m.m.TicketMapper.insert :137 [0;39m http-nio-9091-exec-9 [32m1777897872473lon  [0;39m ==>  Preparing: insert into ticket (id, member_id, passenger_id, passenger_name, train_date, train_code, carriage_index, seat_row, seat_col, start_station, start_time, end_station, end_time, seat_type, create_time, update_time) values (?, ?, ?, ?, ?, ?, ?, ?, ?, ?, ?, ?, ?, ?, ?, ?)
31:12.479 [39mDEBUG[0;39m [34mc.j.t.m.m.TicketMapper.insert :137 [0;39m http-nio-9091-exec-9 [32m1777897872473lon  [0;39m ==> Parameters: 2051278468573958144(Long), 1994648397725962240(Long), 2003822171247480832(Long), ¹ØÓð(String), 2026-05-05(Date), GB123(String), 1(Integer), 09(String), A(String), ³É¶¼¶«Õ¾(String), 08:00:00(Time), ÎäººÕ¾(String), 14:00:00(Time), 1(String), 2026-05-04 20:31:12.476(Timestamp), 2026-05-04 20:31:12.476(Timestamp)
31:12.483 [39mDEBUG[0;39m [34mc.j.t.m.m.TicketMapper.insert :137 [0;39m http-nio-9091-exec-9 [32m1777897872473lon  [0;39m <==    Updates: 1
31:12.484 [34mINFO [0;39m [34mc.j.t.common.aspect.LogAspect :88  [0;39m http-nio-9091-exec-9 [32m1777897872473lon  [0;39m ·µ»Ø½á¹û: {"success":true}
31:12.484 [34mINFO [0;39m [34mc.j.t.common.aspect.LogAspect :89  [0;39m http-nio-9091-exec-9 [32m1777897872473lon  [0;39m ------------- ½áÊø ºÄÊ±£º9 ms -------------
31:12.528 [34mINFO [0;39m [34mc.j.t.c.i.MemberInterceptor   :26  [0;39m http-nio-9091-exec-10 [32m1777897872528rfj  [0;39m MemberInterceptor¿ªÊ¼
31:12.529 [34mINFO [0;39m [34mc.j.t.c.i.MemberInterceptor   :36  [0;39m http-nio-9091-exec-10 [32m1777897872528rfj  [0;39m MemberInterceptor½áÊø
31:12.531 [34mINFO [0;39m [34mc.j.t.common.aspect.LogAspect :52  [0;39m http-nio-9091-exec-10 [32m1777897872528rfj  [0;39m ------------- ¿ªÊ¼ -------------
31:12.532 [34mINFO [0;39m [34mc.j.t.common.aspect.LogAspect :53  [0;39m http-nio-9091-exec-10 [32m1777897872528rfj  [0;39m ÇëÇóµØÖ·: http://127.0.0.1:9091/member/feign/ticket/save POST
31:12.532 [34mINFO [0;39m [34mc.j.t.common.aspect.LogAspect :54  [0;39m http-nio-9091-exec-10 [32m1777897872528rfj  [0;39m ÀàÃû·½·¨: com.jiawa.train.member.controller.feign.FeignTicketController.save
31:12.532 [34mINFO [0;39m [34mc.j.t.common.aspect.LogAspect :55  [0;39m http-nio-9091-exec-10 [32m1777897872528rfj  [0;39m Ô¶³ÌµØÖ·: 127.0.0.1
31:12.532 [34mINFO [0;39m [34mc.j.t.common.aspect.LogAspect :76  [0;39m http-nio-9091-exec-10 [32m1777897872528rfj  [0;39m ÇëÇó²ÎÊý: [{"carriageIndex":1,"endStation":"ÎäººÕ¾","endTime":21600000,"memberId":1994648397725962240,"passengerId":2003822171247480832,"passengerName":"¹ØÓð","seatCol":"A","seatRow":"08","seatType":"1","startStation":"³É¶¼¶«Õ¾","startTime":0,"trainCode":"GB123","trainDate":1777910400000}]
31:12.533 [39mDEBUG[0;39m [34mc.j.t.m.m.TicketMapper.insert :137 [0;39m http-nio-9091-exec-10 [32m1777897872528rfj  [0;39m ==>  Preparing: insert into ticket (id, member_id, passenger_id, passenger_name, train_date, train_code, carriage_index, seat_row, seat_col, start_station, start_time, end_station, end_time, seat_type, create_time, update_time) values (?, ?, ?, ?, ?, ?, ?, ?, ?, ?, ?, ?, ?, ?, ?, ?)
31:12.535 [39mDEBUG[0;39m [34mc.j.t.m.m.TicketMapper.insert :137 [0;39m http-nio-9091-exec-10 [32m1777897872528rfj  [0;39m ==> Parameters: 2051278468813033472(Long), 1994648397725962240(Long), 2003822171247480832(Long), ¹ØÓð(String), 2026-05-05(Date), GB123(String), 1(Integer), 08(String), A(String), ³É¶¼¶«Õ¾(String), 08:00:00(Time), ÎäººÕ¾(String), 14:00:00(Time), 1(String), 2026-05-04 20:31:12.532(Timestamp), 2026-05-04 20:31:12.532(Timestamp)
31:12.538 [39mDEBUG[0;39m [34mc.j.t.m.m.TicketMapper.insert :137 [0;39m http-nio-9091-exec-10 [32m1777897872528rfj  [0;39m <==    Updates: 1
31:12.539 [34mINFO [0;39m [34mc.j.t.common.aspect.LogAspect :88  [0;39m http-nio-9091-exec-10 [32m1777897872528rfj  [0;39m ·µ»Ø½á¹û: {"success":true}
31:12.539 [34mINFO [0;39m [34mc.j.t.common.aspect.LogAspect :89  [0;39m http-nio-9091-exec-10 [32m1777897872528rfj  [0;39m ------------- ½áÊø ºÄÊ±£º8 ms -------------
31:12.589 [34mINFO [0;39m [34mc.j.t.c.i.MemberInterceptor   :26  [0;39m http-nio-9091-exec-1 [32m1777897872589n3b  [0;39m MemberInterceptor¿ªÊ¼
31:12.590 [34mINFO [0;39m [34mc.j.t.c.i.MemberInterceptor   :36  [0;39m http-nio-9091-exec-1 [32m1777897872589n3b  [0;39m MemberInterceptor½áÊø
31:12.591 [34mINFO [0;39m [34mc.j.t.common.aspect.LogAspect :52  [0;39m http-nio-9091-exec-1 [32m1777897872589n3b  [0;39m ------------- ¿ªÊ¼ -------------
31:12.592 [34mINFO [0;39m [34mc.j.t.common.aspect.LogAspect :53  [0;39m http-nio-9091-exec-1 [32m1777897872589n3b  [0;39m ÇëÇóµØÖ·: http://127.0.0.1:9091/member/feign/ticket/save POST
31:12.592 [34mINFO [0;39m [34mc.j.t.common.aspect.LogAspect :54  [0;39m http-nio-9091-exec-1 [32m1777897872589n3b  [0;39m ÀàÃû·½·¨: com.jiawa.train.member.controller.feign.FeignTicketController.save
31:12.596 [34mINFO [0;39m [34mc.j.t.common.aspect.LogAspect :55  [0;39m http-nio-9091-exec-1 [32m1777897872589n3b  [0;39m Ô¶³ÌµØÖ·: 127.0.0.1
31:12.596 [34mINFO [0;39m [34mc.j.t.common.aspect.LogAspect :76  [0;39m http-nio-9091-exec-1 [32m1777897872589n3b  [0;39m ÇëÇó²ÎÊý: [{"carriageIndex":1,"endStation":"ÎäººÕ¾","endTime":21600000,"memberId":1994648397725962240,"passengerId":2003822171247480832,"passengerName":"¹ØÓð","seatCol":"C","seatRow":"04","seatType":"1","startStation":"³É¶¼¶«Õ¾","startTime":0,"trainCode":"GB123","trainDate":1777910400000}]
31:12.597 [39mDEBUG[0;39m [34mc.j.t.m.m.TicketMapper.insert :137 [0;39m http-nio-9091-exec-1 [32m1777897872589n3b  [0;39m ==>  Preparing: insert into ticket (id, member_id, passenger_id, passenger_name, train_date, train_code, carriage_index, seat_row, seat_col, start_station, start_time, end_station, end_time, seat_type, create_time, update_time) values (?, ?, ?, ?, ?, ?, ?, ?, ?, ?, ?, ?, ?, ?, ?, ?)
31:12.600 [39mDEBUG[0;39m [34mc.j.t.m.m.TicketMapper.insert :137 [0;39m http-nio-9091-exec-1 [32m1777897872589n3b  [0;39m ==> Parameters: 2051278469081468928(Long), 1994648397725962240(Long), 2003822171247480832(Long), ¹ØÓð(String), 2026-05-05(Date), GB123(String), 1(Integer), 04(String), C(String), ³É¶¼¶«Õ¾(String), 08:00:00(Time), ÎäººÕ¾(String), 14:00:00(Time), 1(String), 2026-05-04 20:31:12.597(Timestamp), 2026-05-04 20:31:12.597(Timestamp)
31:12.603 [39mDEBUG[0;39m [34mc.j.t.m.m.TicketMapper.insert :137 [0;39m http-nio-9091-exec-1 [32m1777897872589n3b  [0;39m <==    Updates: 1
31:12.604 [34mINFO [0;39m [34mc.j.t.common.aspect.LogAspect :88  [0;39m http-nio-9091-exec-1 [32m1777897872589n3b  [0;39m ·µ»Ø½á¹û: {"success":true}
31:12.604 [34mINFO [0;39m [34mc.j.t.common.aspect.LogAspect :89  [0;39m http-nio-9091-exec-1 [32m1777897872589n3b  [0;39m ------------- ½áÊø ºÄÊ±£º13 ms -------------
31:12.639 [34mINFO [0;39m [34mc.j.t.c.i.MemberInterceptor   :26  [0;39m http-nio-9091-exec-2 [32m1777897872639i6e  [0;39m MemberInterceptor¿ªÊ¼
31:12.640 [34mINFO [0;39m [34mc.j.t.c.i.MemberInterceptor   :36  [0;39m http-nio-9091-exec-2 [32m1777897872639i6e  [0;39m MemberInterceptor½áÊø
31:12.641 [34mINFO [0;39m [34mc.j.t.common.aspect.LogAspect :52  [0;39m http-nio-9091-exec-2 [32m1777897872639i6e  [0;39m ------------- ¿ªÊ¼ -------------
31:12.642 [34mINFO [0;39m [34mc.j.t.common.aspect.LogAspect :53  [0;39m http-nio-9091-exec-2 [32m1777897872639i6e  [0;39m ÇëÇóµØÖ·: http://127.0.0.1:9091/member/feign/ticket/save POST
31:12.642 [34mINFO [0;39m [34mc.j.t.common.aspect.LogAspect :54  [0;39m http-nio-9091-exec-2 [32m1777897872639i6e  [0;39m ÀàÃû·½·¨: com.jiawa.train.member.controller.feign.FeignTicketController.save
31:12.642 [34mINFO [0;39m [34mc.j.t.common.aspect.LogAspect :55  [0;39m http-nio-9091-exec-2 [32m1777897872639i6e  [0;39m Ô¶³ÌµØÖ·: 127.0.0.1
31:12.642 [34mINFO [0;39m [34mc.j.t.common.aspect.LogAspect :76  [0;39m http-nio-9091-exec-2 [32m1777897872639i6e  [0;39m ÇëÇó²ÎÊý: [{"carriageIndex":2,"endStation":"ÎäººÕ¾","endTime":21600000,"memberId":1994648397725962240,"passengerId":2003822171247480832,"passengerName":"¹ØÓð","seatCol":"F","seatRow":"07","seatType":"1","startStation":"³É¶¼¶«Õ¾","startTime":0,"trainCode":"GB123","trainDate":1777910400000}]
31:12.643 [39mDEBUG[0;39m [34mc.j.t.m.m.TicketMapper.insert :137 [0;39m http-nio-9091-exec-2 [32m1777897872639i6e  [0;39m ==>  Preparing: insert into ticket (id, member_id, passenger_id, passenger_name, train_date, train_code, carriage_index, seat_row, seat_col, start_station, start_time, end_station, end_time, seat_type, create_time, update_time) values (?, ?, ?, ?, ?, ?, ?, ?, ?, ?, ?, ?, ?, ?, ?, ?)
31:12.644 [39mDEBUG[0;39m [34mc.j.t.m.m.TicketMapper.insert :137 [0;39m http-nio-9091-exec-2 [32m1777897872639i6e  [0;39m ==> Parameters: 2051278469274406912(Long), 1994648397725962240(Long), 2003822171247480832(Long), ¹ØÓð(String), 2026-05-05(Date), GB123(String), 2(Integer), 07(String), F(String), ³É¶¼¶«Õ¾(String), 08:00:00(Time), ÎäººÕ¾(String), 14:00:00(Time), 1(String), 2026-05-04 20:31:12.642(Timestamp), 2026-05-04 20:31:12.642(Timestamp)
31:12.648 [39mDEBUG[0;39m [34mc.j.t.m.m.TicketMapper.insert :137 [0;39m http-nio-9091-exec-2 [32m1777897872639i6e  [0;39m <==    Updates: 1
31:12.648 [34mINFO [0;39m [34mc.j.t.common.aspect.LogAspect :88  [0;39m http-nio-9091-exec-2 [32m1777897872639i6e  [0;39m ·µ»Ø½á¹û: {"success":true}
31:12.649 [34mINFO [0;39m [34mc.j.t.common.aspect.LogAspect :89  [0;39m http-nio-9091-exec-2 [32m1777897872639i6e  [0;39m ------------- ½áÊø ºÄÊ±£º8 ms -------------
31:12.684 [34mINFO [0;39m [34mc.j.t.c.i.MemberInterceptor   :26  [0;39m http-nio-9091-exec-3 [32m1777897872682lj2  [0;39m MemberInterceptor¿ªÊ¼
31:12.684 [34mINFO [0;39m [34mc.j.t.c.i.MemberInterceptor   :36  [0;39m http-nio-9091-exec-3 [32m1777897872682lj2  [0;39m MemberInterceptor½áÊø
31:12.686 [34mINFO [0;39m [34mc.j.t.common.aspect.LogAspect :52  [0;39m http-nio-9091-exec-3 [32m1777897872682lj2  [0;39m ------------- ¿ªÊ¼ -------------
31:12.686 [34mINFO [0;39m [34mc.j.t.common.aspect.LogAspect :53  [0;39m http-nio-9091-exec-3 [32m1777897872682lj2  [0;39m ÇëÇóµØÖ·: http://127.0.0.1:9091/member/feign/ticket/save POST
31:12.686 [34mINFO [0;39m [34mc.j.t.common.aspect.LogAspect :54  [0;39m http-nio-9091-exec-3 [32m1777897872682lj2  [0;39m ÀàÃû·½·¨: com.jiawa.train.member.controller.feign.FeignTicketController.save
31:12.686 [34mINFO [0;39m [34mc.j.t.common.aspect.LogAspect :55  [0;39m http-nio-9091-exec-3 [32m1777897872682lj2  [0;39m Ô¶³ÌµØÖ·: 127.0.0.1
31:12.686 [34mINFO [0;39m [34mc.j.t.common.aspect.LogAspect :76  [0;39m http-nio-9091-exec-3 [32m1777897872682lj2  [0;39m ÇëÇó²ÎÊý: [{"carriageIndex":2,"endStation":"ÎäººÕ¾","endTime":21600000,"memberId":1994648397725962240,"passengerId":2003822171247480832,"passengerName":"¹ØÓð","seatCol":"F","seatRow":"03","seatType":"1","startStation":"³É¶¼¶«Õ¾","startTime":0,"trainCode":"GB123","trainDate":1777910400000}]
31:12.688 [39mDEBUG[0;39m [34mc.j.t.m.m.TicketMapper.insert :137 [0;39m http-nio-9091-exec-3 [32m1777897872682lj2  [0;39m ==>  Preparing: insert into ticket (id, member_id, passenger_id, passenger_name, train_date, train_code, carriage_index, seat_row, seat_col, start_station, start_time, end_station, end_time, seat_type, create_time, update_time) values (?, ?, ?, ?, ?, ?, ?, ?, ?, ?, ?, ?, ?, ?, ?, ?)
31:12.689 [39mDEBUG[0;39m [34mc.j.t.m.m.TicketMapper.insert :137 [0;39m http-nio-9091-exec-3 [32m1777897872682lj2  [0;39m ==> Parameters: 2051278469458956288(Long), 1994648397725962240(Long), 2003822171247480832(Long), ¹ØÓð(String), 2026-05-05(Date), GB123(String), 2(Integer), 03(String), F(String), ³É¶¼¶«Õ¾(String), 08:00:00(Time), ÎäººÕ¾(String), 14:00:00(Time), 1(String), 2026-05-04 20:31:12.686(Timestamp), 2026-05-04 20:31:12.686(Timestamp)
31:12.692 [39mDEBUG[0;39m [34mc.j.t.m.m.TicketMapper.insert :137 [0;39m http-nio-9091-exec-3 [32m1777897872682lj2  [0;39m <==    Updates: 1
31:12.692 [34mINFO [0;39m [34mc.j.t.common.aspect.LogAspect :88  [0;39m http-nio-9091-exec-3 [32m1777897872682lj2  [0;39m ·µ»Ø½á¹û: {"success":true}
31:12.692 [34mINFO [0;39m [34mc.j.t.common.aspect.LogAspect :89  [0;39m http-nio-9091-exec-3 [32m1777897872682lj2  [0;39m ------------- ½áÊø ºÄÊ±£º7 ms -------------
31:12.726 [34mINFO [0;39m [34mc.j.t.c.i.MemberInterceptor   :26  [0;39m http-nio-9091-exec-4 [32m1777897872726mnx  [0;39m MemberInterceptor¿ªÊ¼
31:12.727 [34mINFO [0;39m [34mc.j.t.c.i.MemberInterceptor   :36  [0;39m http-nio-9091-exec-4 [32m1777897872726mnx  [0;39m MemberInterceptor½áÊø
31:12.728 [34mINFO [0;39m [34mc.j.t.common.aspect.LogAspect :52  [0;39m http-nio-9091-exec-4 [32m1777897872726mnx  [0;39m ------------- ¿ªÊ¼ -------------
31:12.728 [34mINFO [0;39m [34mc.j.t.common.aspect.LogAspect :53  [0;39m http-nio-9091-exec-4 [32m1777897872726mnx  [0;39m ÇëÇóµØÖ·: http://127.0.0.1:9091/member/feign/ticket/save POST
31:12.728 [34mINFO [0;39m [34mc.j.t.common.aspect.LogAspect :54  [0;39m http-nio-9091-exec-4 [32m1777897872726mnx  [0;39m ÀàÃû·½·¨: com.jiawa.train.member.controller.feign.FeignTicketController.save
31:12.729 [34mINFO [0;39m [34mc.j.t.common.aspect.LogAspect :55  [0;39m http-nio-9091-exec-4 [32m1777897872726mnx  [0;39m Ô¶³ÌµØÖ·: 127.0.0.1
31:12.729 [34mINFO [0;39m [34mc.j.t.common.aspect.LogAspect :76  [0;39m http-nio-9091-exec-4 [32m1777897872726mnx  [0;39m ÇëÇó²ÎÊý: [{"carriageIndex":2,"endStation":"ÎäººÕ¾","endTime":21600000,"memberId":1994648397725962240,"passengerId":2003822171247480832,"passengerName":"¹ØÓð","seatCol":"A","seatRow":"03","seatType":"1","startStation":"³É¶¼¶«Õ¾","startTime":0,"trainCode":"GB123","trainDate":1777910400000}]
31:12.730 [39mDEBUG[0;39m [34mc.j.t.m.m.TicketMapper.insert :137 [0;39m http-nio-9091-exec-4 [32m1777897872726mnx  [0;39m ==>  Preparing: insert into ticket (id, member_id, passenger_id, passenger_name, train_date, train_code, carriage_index, seat_row, seat_col, start_station, start_time, end_station, end_time, seat_type, create_time, update_time) values (?, ?, ?, ?, ?, ?, ?, ?, ?, ?, ?, ?, ?, ?, ?, ?)
31:12.732 [39mDEBUG[0;39m [34mc.j.t.m.m.TicketMapper.insert :137 [0;39m http-nio-9091-exec-4 [32m1777897872726mnx  [0;39m ==> Parameters: 2051278469639311360(Long), 1994648397725962240(Long), 2003822171247480832(Long), ¹ØÓð(String), 2026-05-05(Date), GB123(String), 2(Integer), 03(String), A(String), ³É¶¼¶«Õ¾(String), 08:00:00(Time), ÎäººÕ¾(String), 14:00:00(Time), 1(String), 2026-05-04 20:31:12.729(Timestamp), 2026-05-04 20:31:12.729(Timestamp)
31:12.735 [39mDEBUG[0;39m [34mc.j.t.m.m.TicketMapper.insert :137 [0;39m http-nio-9091-exec-4 [32m1777897872726mnx  [0;39m <==    Updates: 1
31:12.735 [34mINFO [0;39m [34mc.j.t.common.aspect.LogAspect :88  [0;39m http-nio-9091-exec-4 [32m1777897872726mnx  [0;39m ·µ»Ø½á¹û: {"success":true}
31:12.735 [34mINFO [0;39m [34mc.j.t.common.aspect.LogAspect :89  [0;39m http-nio-9091-exec-4 [32m1777897872726mnx  [0;39m ------------- ½áÊø ºÄÊ±£º7 ms -------------
31:12.781 [34mINFO [0;39m [34mc.j.t.c.i.MemberInterceptor   :26  [0;39m http-nio-9091-exec-5 [32m1777897872781abk  [0;39m MemberInterceptor¿ªÊ¼
31:12.781 [34mINFO [0;39m [34mc.j.t.c.i.MemberInterceptor   :36  [0;39m http-nio-9091-exec-5 [32m1777897872781abk  [0;39m MemberInterceptor½áÊø
31:12.783 [34mINFO [0;39m [34mc.j.t.common.aspect.LogAspect :52  [0;39m http-nio-9091-exec-5 [32m1777897872781abk  [0;39m ------------- ¿ªÊ¼ -------------
31:12.783 [34mINFO [0;39m [34mc.j.t.common.aspect.LogAspect :53  [0;39m http-nio-9091-exec-5 [32m1777897872781abk  [0;39m ÇëÇóµØÖ·: http://127.0.0.1:9091/member/feign/ticket/save POST
31:12.783 [34mINFO [0;39m [34mc.j.t.common.aspect.LogAspect :54  [0;39m http-nio-9091-exec-5 [32m1777897872781abk  [0;39m ÀàÃû·½·¨: com.jiawa.train.member.controller.feign.FeignTicketController.save
31:12.783 [34mINFO [0;39m [34mc.j.t.common.aspect.LogAspect :55  [0;39m http-nio-9091-exec-5 [32m1777897872781abk  [0;39m Ô¶³ÌµØÖ·: 127.0.0.1
31:12.783 [34mINFO [0;39m [34mc.j.t.common.aspect.LogAspect :76  [0;39m http-nio-9091-exec-5 [32m1777897872781abk  [0;39m ÇëÇó²ÎÊý: [{"carriageIndex":2,"endStation":"ÎäººÕ¾","endTime":21600000,"memberId":1994648397725962240,"passengerId":2003822171247480832,"passengerName":"¹ØÓð","seatCol":"A","seatRow":"04","seatType":"1","startStation":"³É¶¼¶«Õ¾","startTime":0,"trainCode":"GB123","trainDate":1777910400000}]
31:12.784 [39mDEBUG[0;39m [34mc.j.t.m.m.TicketMapper.insert :137 [0;39m http-nio-9091-exec-5 [32m1777897872781abk  [0;39m ==>  Preparing: insert into ticket (id, member_id, passenger_id, passenger_name, train_date, train_code, carriage_index, seat_row, seat_col, start_station, start_time, end_station, end_time, seat_type, create_time, update_time) values (?, ?, ?, ?, ?, ?, ?, ?, ?, ?, ?, ?, ?, ?, ?, ?)
31:12.786 [39mDEBUG[0;39m [34mc.j.t.m.m.TicketMapper.insert :137 [0;39m http-nio-9091-exec-5 [32m1777897872781abk  [0;39m ==> Parameters: 2051278469865803776(Long), 1994648397725962240(Long), 2003822171247480832(Long), ¹ØÓð(String), 2026-05-05(Date), GB123(String), 2(Integer), 04(String), A(String), ³É¶¼¶«Õ¾(String), 08:00:00(Time), ÎäººÕ¾(String), 14:00:00(Time), 1(String), 2026-05-04 20:31:12.784(Timestamp), 2026-05-04 20:31:12.784(Timestamp)
31:12.792 [39mDEBUG[0;39m [34mc.j.t.m.m.TicketMapper.insert :137 [0;39m http-nio-9091-exec-5 [32m1777897872781abk  [0;39m <==    Updates: 1
31:12.793 [34mINFO [0;39m [34mc.j.t.common.aspect.LogAspect :88  [0;39m http-nio-9091-exec-5 [32m1777897872781abk  [0;39m ·µ»Ø½á¹û: {"success":true}
31:12.793 [34mINFO [0;39m [34mc.j.t.common.aspect.LogAspect :89  [0;39m http-nio-9091-exec-5 [32m1777897872781abk  [0;39m ------------- ½áÊø ºÄÊ±£º10 ms -------------
31:12.835 [34mINFO [0;39m [34mc.j.t.c.i.MemberInterceptor   :26  [0;39m http-nio-9091-exec-6 [32m1777897872835x7c  [0;39m MemberInterceptor¿ªÊ¼
31:12.835 [34mINFO [0;39m [34mc.j.t.c.i.MemberInterceptor   :36  [0;39m http-nio-9091-exec-6 [32m1777897872835x7c  [0;39m MemberInterceptor½áÊø
31:12.836 [34mINFO [0;39m [34mc.j.t.common.aspect.LogAspect :52  [0;39m http-nio-9091-exec-6 [32m1777897872835x7c  [0;39m ------------- ¿ªÊ¼ -------------
31:12.836 [34mINFO [0;39m [34mc.j.t.common.aspect.LogAspect :53  [0;39m http-nio-9091-exec-6 [32m1777897872835x7c  [0;39m ÇëÇóµØÖ·: http://127.0.0.1:9091/member/feign/ticket/save POST
31:12.838 [34mINFO [0;39m [34mc.j.t.common.aspect.LogAspect :54  [0;39m http-nio-9091-exec-6 [32m1777897872835x7c  [0;39m ÀàÃû·½·¨: com.jiawa.train.member.controller.feign.FeignTicketController.save
31:12.838 [34mINFO [0;39m [34mc.j.t.common.aspect.LogAspect :55  [0;39m http-nio-9091-exec-6 [32m1777897872835x7c  [0;39m Ô¶³ÌµØÖ·: 127.0.0.1
31:12.839 [34mINFO [0;39m [34mc.j.t.common.aspect.LogAspect :76  [0;39m http-nio-9091-exec-6 [32m1777897872835x7c  [0;39m ÇëÇó²ÎÊý: [{"carriageIndex":2,"endStation":"ÎäººÕ¾","endTime":21600000,"memberId":1994648397725962240,"passengerId":2003822171247480832,"passengerName":"¹ØÓð","seatCol":"A","seatRow":"01","seatType":"1","startStation":"³É¶¼¶«Õ¾","startTime":0,"trainCode":"GB123","trainDate":1777910400000}]
31:12.841 [39mDEBUG[0;39m [34mc.j.t.m.m.TicketMapper.insert :137 [0;39m http-nio-9091-exec-6 [32m1777897872835x7c  [0;39m ==>  Preparing: insert into ticket (id, member_id, passenger_id, passenger_name, train_date, train_code, carriage_index, seat_row, seat_col, start_station, start_time, end_station, end_time, seat_type, create_time, update_time) values (?, ?, ?, ?, ?, ?, ?, ?, ?, ?, ?, ?, ?, ?, ?, ?)
31:12.844 [39mDEBUG[0;39m [34mc.j.t.m.m.TicketMapper.insert :137 [0;39m http-nio-9091-exec-6 [32m1777897872835x7c  [0;39m ==> Parameters: 2051278470096490496(Long), 1994648397725962240(Long), 2003822171247480832(Long), ¹ØÓð(String), 2026-05-05(Date), GB123(String), 2(Integer), 01(String), A(String), ³É¶¼¶«Õ¾(String), 08:00:00(Time), ÎäººÕ¾(String), 14:00:00(Time), 1(String), 2026-05-04 20:31:12.839(Timestamp), 2026-05-04 20:31:12.839(Timestamp)
31:12.851 [39mDEBUG[0;39m [34mc.j.t.m.m.TicketMapper.insert :137 [0;39m http-nio-9091-exec-6 [32m1777897872835x7c  [0;39m <==    Updates: 1
31:12.852 [34mINFO [0;39m [34mc.j.t.common.aspect.LogAspect :88  [0;39m http-nio-9091-exec-6 [32m1777897872835x7c  [0;39m ·µ»Ø½á¹û: {"success":true}
31:12.852 [34mINFO [0;39m [34mc.j.t.common.aspect.LogAspect :89  [0;39m http-nio-9091-exec-6 [32m1777897872835x7c  [0;39m ------------- ½áÊø ºÄÊ±£º16 ms -------------
31:12.893 [34mINFO [0;39m [34mc.j.t.c.i.MemberInterceptor   :26  [0;39m http-nio-9091-exec-7 [32m1777897872893zxb  [0;39m MemberInterceptor¿ªÊ¼
31:12.893 [34mINFO [0;39m [34mc.j.t.c.i.MemberInterceptor   :36  [0;39m http-nio-9091-exec-7 [32m1777897872893zxb  [0;39m MemberInterceptor½áÊø
31:12.895 [34mINFO [0;39m [34mc.j.t.common.aspect.LogAspect :52  [0;39m http-nio-9091-exec-7 [32m1777897872893zxb  [0;39m ------------- ¿ªÊ¼ -------------
31:12.896 [34mINFO [0;39m [34mc.j.t.common.aspect.LogAspect :53  [0;39m http-nio-9091-exec-7 [32m1777897872893zxb  [0;39m ÇëÇóµØÖ·: http://127.0.0.1:9091/member/feign/ticket/save POST
31:12.896 [34mINFO [0;39m [34mc.j.t.common.aspect.LogAspect :54  [0;39m http-nio-9091-exec-7 [32m1777897872893zxb  [0;39m ÀàÃû·½·¨: com.jiawa.train.member.controller.feign.FeignTicketController.save
31:12.896 [34mINFO [0;39m [34mc.j.t.common.aspect.LogAspect :55  [0;39m http-nio-9091-exec-7 [32m1777897872893zxb  [0;39m Ô¶³ÌµØÖ·: 127.0.0.1
31:12.896 [34mINFO [0;39m [34mc.j.t.common.aspect.LogAspect :76  [0;39m http-nio-9091-exec-7 [32m1777897872893zxb  [0;39m ÇëÇó²ÎÊý: [{"carriageIndex":2,"endStation":"ÎäººÕ¾","endTime":21600000,"memberId":1994648397725962240,"passengerId":2003822171247480832,"passengerName":"¹ØÓð","seatCol":"C","seatRow":"09","seatType":"1","startStation":"³É¶¼¶«Õ¾","startTime":0,"trainCode":"GB123","trainDate":1777910400000}]
31:12.897 [39mDEBUG[0;39m [34mc.j.t.m.m.TicketMapper.insert :137 [0;39m http-nio-9091-exec-7 [32m1777897872893zxb  [0;39m ==>  Preparing: insert into ticket (id, member_id, passenger_id, passenger_name, train_date, train_code, carriage_index, seat_row, seat_col, start_station, start_time, end_station, end_time, seat_type, create_time, update_time) values (?, ?, ?, ?, ?, ?, ?, ?, ?, ?, ?, ?, ?, ?, ?, ?)
31:12.900 [39mDEBUG[0;39m [34mc.j.t.m.m.TicketMapper.insert :137 [0;39m http-nio-9091-exec-7 [32m1777897872893zxb  [0;39m ==> Parameters: 2051278470339760128(Long), 1994648397725962240(Long), 2003822171247480832(Long), ¹ØÓð(String), 2026-05-05(Date), GB123(String), 2(Integer), 09(String), C(String), ³É¶¼¶«Õ¾(String), 08:00:00(Time), ÎäººÕ¾(String), 14:00:00(Time), 1(String), 2026-05-04 20:31:12.897(Timestamp), 2026-05-04 20:31:12.897(Timestamp)
31:12.904 [39mDEBUG[0;39m [34mc.j.t.m.m.TicketMapper.insert :137 [0;39m http-nio-9091-exec-7 [32m1777897872893zxb  [0;39m <==    Updates: 1
31:12.905 [34mINFO [0;39m [34mc.j.t.common.aspect.LogAspect :88  [0;39m http-nio-9091-exec-7 [32m1777897872893zxb  [0;39m ·µ»Ø½á¹û: {"success":true}
31:12.905 [34mINFO [0;39m [34mc.j.t.common.aspect.LogAspect :89  [0;39m http-nio-9091-exec-7 [32m1777897872893zxb  [0;39m ------------- ½áÊø ºÄÊ±£º10 ms -------------
31:12.948 [34mINFO [0;39m [34mc.j.t.c.i.MemberInterceptor   :26  [0;39m http-nio-9091-exec-8 [32m1777897872948sx6  [0;39m MemberInterceptor¿ªÊ¼
31:12.953 [34mINFO [0;39m [34mc.j.t.c.i.MemberInterceptor   :36  [0;39m http-nio-9091-exec-8 [32m1777897872948sx6  [0;39m MemberInterceptor½áÊø
31:12.954 [34mINFO [0;39m [34mc.j.t.common.aspect.LogAspect :52  [0;39m http-nio-9091-exec-8 [32m1777897872948sx6  [0;39m ------------- ¿ªÊ¼ -------------
31:12.954 [34mINFO [0;39m [34mc.j.t.common.aspect.LogAspect :53  [0;39m http-nio-9091-exec-8 [32m1777897872948sx6  [0;39m ÇëÇóµØÖ·: http://127.0.0.1:9091/member/feign/ticket/save POST
31:12.955 [34mINFO [0;39m [34mc.j.t.common.aspect.LogAspect :54  [0;39m http-nio-9091-exec-8 [32m1777897872948sx6  [0;39m ÀàÃû·½·¨: com.jiawa.train.member.controller.feign.FeignTicketController.save
31:12.955 [34mINFO [0;39m [34mc.j.t.common.aspect.LogAspect :55  [0;39m http-nio-9091-exec-8 [32m1777897872948sx6  [0;39m Ô¶³ÌµØÖ·: 127.0.0.1
31:12.955 [34mINFO [0;39m [34mc.j.t.common.aspect.LogAspect :76  [0;39m http-nio-9091-exec-8 [32m1777897872948sx6  [0;39m ÇëÇó²ÎÊý: [{"carriageIndex":1,"endStation":"ÎäººÕ¾","endTime":21600000,"memberId":1994648397725962240,"passengerId":2003822171247480832,"passengerName":"¹ØÓð","seatCol":"F","seatRow":"03","seatType":"1","startStation":"³É¶¼¶«Õ¾","startTime":0,"trainCode":"GB123","trainDate":1777910400000}]
31:12.956 [39mDEBUG[0;39m [34mc.j.t.m.m.TicketMapper.insert :137 [0;39m http-nio-9091-exec-8 [32m1777897872948sx6  [0;39m ==>  Preparing: insert into ticket (id, member_id, passenger_id, passenger_name, train_date, train_code, carriage_index, seat_row, seat_col, start_station, start_time, end_station, end_time, seat_type, create_time, update_time) values (?, ?, ?, ?, ?, ?, ?, ?, ?, ?, ?, ?, ?, ?, ?, ?)
31:12.956 [39mDEBUG[0;39m [34mc.j.t.m.m.TicketMapper.insert :137 [0;39m http-nio-9091-exec-8 [32m1777897872948sx6  [0;39m ==> Parameters: 2051278470583029760(Long), 1994648397725962240(Long), 2003822171247480832(Long), ¹ØÓð(String), 2026-05-05(Date), GB123(String), 1(Integer), 03(String), F(String), ³É¶¼¶«Õ¾(String), 08:00:00(Time), ÎäººÕ¾(String), 14:00:00(Time), 1(String), 2026-05-04 20:31:12.955(Timestamp), 2026-05-04 20:31:12.955(Timestamp)
31:12.960 [39mDEBUG[0;39m [34mc.j.t.m.m.TicketMapper.insert :137 [0;39m http-nio-9091-exec-8 [32m1777897872948sx6  [0;39m <==    Updates: 1
31:12.960 [34mINFO [0;39m [34mc.j.t.common.aspect.LogAspect :88  [0;39m http-nio-9091-exec-8 [32m1777897872948sx6  [0;39m ·µ»Ø½á¹û: {"success":true}
31:12.961 [34mINFO [0;39m [34mc.j.t.common.aspect.LogAspect :89  [0;39m http-nio-9091-exec-8 [32m1777897872948sx6  [0;39m ------------- ½áÊø ºÄÊ±£º7 ms -------------
31:13.001 [34mINFO [0;39m [34mc.j.t.c.i.MemberInterceptor   :26  [0;39m http-nio-9091-exec-9 [32m1777897873001ike  [0;39m MemberInterceptor¿ªÊ¼
31:13.002 [34mINFO [0;39m [34mc.j.t.c.i.MemberInterceptor   :36  [0;39m http-nio-9091-exec-9 [32m1777897873001ike  [0;39m MemberInterceptor½áÊø
31:13.006 [34mINFO [0;39m [34mc.j.t.common.aspect.LogAspect :52  [0;39m http-nio-9091-exec-9 [32m1777897873001ike  [0;39m ------------- ¿ªÊ¼ -------------
31:13.006 [34mINFO [0;39m [34mc.j.t.common.aspect.LogAspect :53  [0;39m http-nio-9091-exec-9 [32m1777897873001ike  [0;39m ÇëÇóµØÖ·: http://127.0.0.1:9091/member/feign/ticket/save POST
31:13.006 [34mINFO [0;39m [34mc.j.t.common.aspect.LogAspect :54  [0;39m http-nio-9091-exec-9 [32m1777897873001ike  [0;39m ÀàÃû·½·¨: com.jiawa.train.member.controller.feign.FeignTicketController.save
31:13.006 [34mINFO [0;39m [34mc.j.t.common.aspect.LogAspect :55  [0;39m http-nio-9091-exec-9 [32m1777897873001ike  [0;39m Ô¶³ÌµØÖ·: 127.0.0.1
31:13.007 [34mINFO [0;39m [34mc.j.t.common.aspect.LogAspect :76  [0;39m http-nio-9091-exec-9 [32m1777897873001ike  [0;39m ÇëÇó²ÎÊý: [{"carriageIndex":2,"endStation":"ÎäººÕ¾","endTime":21600000,"memberId":1994648397725962240,"passengerId":2003822171247480832,"passengerName":"¹ØÓð","seatCol":"D","seatRow":"05","seatType":"1","startStation":"³É¶¼¶«Õ¾","startTime":0,"trainCode":"GB123","trainDate":1777910400000}]
31:13.011 [39mDEBUG[0;39m [34mc.j.t.m.m.TicketMapper.insert :137 [0;39m http-nio-9091-exec-9 [32m1777897873001ike  [0;39m ==>  Preparing: insert into ticket (id, member_id, passenger_id, passenger_name, train_date, train_code, carriage_index, seat_row, seat_col, start_station, start_time, end_station, end_time, seat_type, create_time, update_time) values (?, ?, ?, ?, ?, ?, ?, ?, ?, ?, ?, ?, ?, ?, ?, ?)
31:13.017 [39mDEBUG[0;39m [34mc.j.t.m.m.TicketMapper.insert :137 [0;39m http-nio-9091-exec-9 [32m1777897873001ike  [0;39m ==> Parameters: 2051278470817910784(Long), 1994648397725962240(Long), 2003822171247480832(Long), ¹ØÓð(String), 2026-05-05(Date), GB123(String), 2(Integer), 05(String), D(String), ³É¶¼¶«Õ¾(String), 08:00:00(Time), ÎäººÕ¾(String), 14:00:00(Time), 1(String), 2026-05-04 20:31:13.007(Timestamp), 2026-05-04 20:31:13.007(Timestamp)
31:13.021 [39mDEBUG[0;39m [34mc.j.t.m.m.TicketMapper.insert :137 [0;39m http-nio-9091-exec-9 [32m1777897873001ike  [0;39m <==    Updates: 1
31:13.021 [34mINFO [0;39m [34mc.j.t.common.aspect.LogAspect :88  [0;39m http-nio-9091-exec-9 [32m1777897873001ike  [0;39m ·µ»Ø½á¹û: {"success":true}
31:13.021 [34mINFO [0;39m [34mc.j.t.common.aspect.LogAspect :89  [0;39m http-nio-9091-exec-9 [32m1777897873001ike  [0;39m ------------- ½áÊø ºÄÊ±£º15 ms -------------
31:13.060 [34mINFO [0;39m [34mc.j.t.c.i.MemberInterceptor   :26  [0;39m http-nio-9091-exec-10 [32m1777897873060vch  [0;39m MemberInterceptor¿ªÊ¼
31:13.060 [34mINFO [0;39m [34mc.j.t.c.i.MemberInterceptor   :36  [0;39m http-nio-9091-exec-10 [32m1777897873060vch  [0;39m MemberInterceptor½áÊø
31:13.061 [34mINFO [0;39m [34mc.j.t.common.aspect.LogAspect :52  [0;39m http-nio-9091-exec-10 [32m1777897873060vch  [0;39m ------------- ¿ªÊ¼ -------------
31:13.062 [34mINFO [0;39m [34mc.j.t.common.aspect.LogAspect :53  [0;39m http-nio-9091-exec-10 [32m1777897873060vch  [0;39m ÇëÇóµØÖ·: http://127.0.0.1:9091/member/feign/ticket/save POST
31:13.062 [34mINFO [0;39m [34mc.j.t.common.aspect.LogAspect :54  [0;39m http-nio-9091-exec-10 [32m1777897873060vch  [0;39m ÀàÃû·½·¨: com.jiawa.train.member.controller.feign.FeignTicketController.save
31:13.062 [34mINFO [0;39m [34mc.j.t.common.aspect.LogAspect :55  [0;39m http-nio-9091-exec-10 [32m1777897873060vch  [0;39m Ô¶³ÌµØÖ·: 127.0.0.1
31:13.062 [34mINFO [0;39m [34mc.j.t.common.aspect.LogAspect :76  [0;39m http-nio-9091-exec-10 [32m1777897873060vch  [0;39m ÇëÇó²ÎÊý: [{"carriageIndex":2,"endStation":"ÎäººÕ¾","endTime":21600000,"memberId":1994648397725962240,"passengerId":2003822171247480832,"passengerName":"¹ØÓð","seatCol":"C","seatRow":"07","seatType":"1","startStation":"³É¶¼¶«Õ¾","startTime":0,"trainCode":"GB123","trainDate":1777910400000}]
31:13.064 [39mDEBUG[0;39m [34mc.j.t.m.m.TicketMapper.insert :137 [0;39m http-nio-9091-exec-10 [32m1777897873060vch  [0;39m ==>  Preparing: insert into ticket (id, member_id, passenger_id, passenger_name, train_date, train_code, carriage_index, seat_row, seat_col, start_station, start_time, end_station, end_time, seat_type, create_time, update_time) values (?, ?, ?, ?, ?, ?, ?, ?, ?, ?, ?, ?, ?, ?, ?, ?)
31:13.066 [39mDEBUG[0;39m [34mc.j.t.m.m.TicketMapper.insert :137 [0;39m http-nio-9091-exec-10 [32m1777897873060vch  [0;39m ==> Parameters: 2051278471036014592(Long), 1994648397725962240(Long), 2003822171247480832(Long), ¹ØÓð(String), 2026-05-05(Date), GB123(String), 2(Integer), 07(String), C(String), ³É¶¼¶«Õ¾(String), 08:00:00(Time), ÎäººÕ¾(String), 14:00:00(Time), 1(String), 2026-05-04 20:31:13.062(Timestamp), 2026-05-04 20:31:13.062(Timestamp)
31:13.070 [39mDEBUG[0;39m [34mc.j.t.m.m.TicketMapper.insert :137 [0;39m http-nio-9091-exec-10 [32m1777897873060vch  [0;39m <==    Updates: 1
31:13.072 [34mINFO [0;39m [34mc.j.t.common.aspect.LogAspect :88  [0;39m http-nio-9091-exec-10 [32m1777897873060vch  [0;39m ·µ»Ø½á¹û: {"success":true}
31:13.073 [34mINFO [0;39m [34mc.j.t.common.aspect.LogAspect :89  [0;39m http-nio-9091-exec-10 [32m1777897873060vch  [0;39m ------------- ½áÊø ºÄÊ±£º12 ms -------------
31:13.107 [34mINFO [0;39m [34mc.j.t.c.i.MemberInterceptor   :26  [0;39m http-nio-9091-exec-1 [32m1777897873107mxi  [0;39m MemberInterceptor¿ªÊ¼
31:13.107 [34mINFO [0;39m [34mc.j.t.c.i.MemberInterceptor   :36  [0;39m http-nio-9091-exec-1 [32m1777897873107mxi  [0;39m MemberInterceptor½áÊø
31:13.108 [34mINFO [0;39m [34mc.j.t.common.aspect.LogAspect :52  [0;39m http-nio-9091-exec-1 [32m1777897873107mxi  [0;39m ------------- ¿ªÊ¼ -------------
31:13.108 [34mINFO [0;39m [34mc.j.t.common.aspect.LogAspect :53  [0;39m http-nio-9091-exec-1 [32m1777897873107mxi  [0;39m ÇëÇóµØÖ·: http://127.0.0.1:9091/member/feign/ticket/save POST
31:13.109 [34mINFO [0;39m [34mc.j.t.common.aspect.LogAspect :54  [0;39m http-nio-9091-exec-1 [32m1777897873107mxi  [0;39m ÀàÃû·½·¨: com.jiawa.train.member.controller.feign.FeignTicketController.save
31:13.109 [34mINFO [0;39m [34mc.j.t.common.aspect.LogAspect :55  [0;39m http-nio-9091-exec-1 [32m1777897873107mxi  [0;39m Ô¶³ÌµØÖ·: 127.0.0.1
31:13.109 [34mINFO [0;39m [34mc.j.t.common.aspect.LogAspect :76  [0;39m http-nio-9091-exec-1 [32m1777897873107mxi  [0;39m ÇëÇó²ÎÊý: [{"carriageIndex":1,"endStation":"ÎäººÕ¾","endTime":21600000,"memberId":1994648397725962240,"passengerId":2003822171247480832,"passengerName":"¹ØÓð","seatCol":"D","seatRow":"02","seatType":"1","startStation":"³É¶¼¶«Õ¾","startTime":0,"trainCode":"GB123","trainDate":1777910400000}]
31:13.110 [39mDEBUG[0;39m [34mc.j.t.m.m.TicketMapper.insert :137 [0;39m http-nio-9091-exec-1 [32m1777897873107mxi  [0;39m ==>  Preparing: insert into ticket (id, member_id, passenger_id, passenger_name, train_date, train_code, carriage_index, seat_row, seat_col, start_station, start_time, end_station, end_time, seat_type, create_time, update_time) values (?, ?, ?, ?, ?, ?, ?, ?, ?, ?, ?, ?, ?, ?, ?, ?)
31:13.111 [39mDEBUG[0;39m [34mc.j.t.m.m.TicketMapper.insert :137 [0;39m http-nio-9091-exec-1 [32m1777897873107mxi  [0;39m ==> Parameters: 2051278471228952576(Long), 1994648397725962240(Long), 2003822171247480832(Long), ¹ØÓð(String), 2026-05-05(Date), GB123(String), 1(Integer), 02(String), D(String), ³É¶¼¶«Õ¾(String), 08:00:00(Time), ÎäººÕ¾(String), 14:00:00(Time), 1(String), 2026-05-04 20:31:13.109(Timestamp), 2026-05-04 20:31:13.109(Timestamp)
31:13.115 [39mDEBUG[0;39m [34mc.j.t.m.m.TicketMapper.insert :137 [0;39m http-nio-9091-exec-1 [32m1777897873107mxi  [0;39m <==    Updates: 1
31:13.115 [34mINFO [0;39m [34mc.j.t.common.aspect.LogAspect :88  [0;39m http-nio-9091-exec-1 [32m1777897873107mxi  [0;39m ·µ»Ø½á¹û: {"success":true}
31:13.116 [34mINFO [0;39m [34mc.j.t.common.aspect.LogAspect :89  [0;39m http-nio-9091-exec-1 [32m1777897873107mxi  [0;39m ------------- ½áÊø ºÄÊ±£º8 ms -------------
31:13.149 [34mINFO [0;39m [34mc.j.t.c.i.MemberInterceptor   :26  [0;39m http-nio-9091-exec-2 [32m1777897873149hak  [0;39m MemberInterceptor¿ªÊ¼
31:13.151 [34mINFO [0;39m [34mc.j.t.c.i.MemberInterceptor   :36  [0;39m http-nio-9091-exec-2 [32m1777897873149hak  [0;39m MemberInterceptor½áÊø
31:13.152 [34mINFO [0;39m [34mc.j.t.common.aspect.LogAspect :52  [0;39m http-nio-9091-exec-2 [32m1777897873149hak  [0;39m ------------- ¿ªÊ¼ -------------
31:13.152 [34mINFO [0;39m [34mc.j.t.common.aspect.LogAspect :53  [0;39m http-nio-9091-exec-2 [32m1777897873149hak  [0;39m ÇëÇóµØÖ·: http://127.0.0.1:9091/member/feign/ticket/save POST
31:13.152 [34mINFO [0;39m [34mc.j.t.common.aspect.LogAspect :54  [0;39m http-nio-9091-exec-2 [32m1777897873149hak  [0;39m ÀàÃû·½·¨: com.jiawa.train.member.controller.feign.FeignTicketController.save
31:13.152 [34mINFO [0;39m [34mc.j.t.common.aspect.LogAspect :55  [0;39m http-nio-9091-exec-2 [32m1777897873149hak  [0;39m Ô¶³ÌµØÖ·: 127.0.0.1
31:13.153 [34mINFO [0;39m [34mc.j.t.common.aspect.LogAspect :76  [0;39m http-nio-9091-exec-2 [32m1777897873149hak  [0;39m ÇëÇó²ÎÊý: [{"carriageIndex":2,"endStation":"ÎäººÕ¾","endTime":21600000,"memberId":1994648397725962240,"passengerId":2003822171247480832,"passengerName":"¹ØÓð","seatCol":"D","seatRow":"10","seatType":"1","startStation":"³É¶¼¶«Õ¾","startTime":0,"trainCode":"GB123","trainDate":1777910400000}]
31:13.153 [39mDEBUG[0;39m [34mc.j.t.m.m.TicketMapper.insert :137 [0;39m http-nio-9091-exec-2 [32m1777897873149hak  [0;39m ==>  Preparing: insert into ticket (id, member_id, passenger_id, passenger_name, train_date, train_code, carriage_index, seat_row, seat_col, start_station, start_time, end_station, end_time, seat_type, create_time, update_time) values (?, ?, ?, ?, ?, ?, ?, ?, ?, ?, ?, ?, ?, ?, ?, ?)
31:13.155 [39mDEBUG[0;39m [34mc.j.t.m.m.TicketMapper.insert :137 [0;39m http-nio-9091-exec-2 [32m1777897873149hak  [0;39m ==> Parameters: 2051278471413501952(Long), 1994648397725962240(Long), 2003822171247480832(Long), ¹ØÓð(String), 2026-05-05(Date), GB123(String), 2(Integer), 10(String), D(String), ³É¶¼¶«Õ¾(String), 08:00:00(Time), ÎäººÕ¾(String), 14:00:00(Time), 1(String), 2026-05-04 20:31:13.153(Timestamp), 2026-05-04 20:31:13.153(Timestamp)
31:13.158 [39mDEBUG[0;39m [34mc.j.t.m.m.TicketMapper.insert :137 [0;39m http-nio-9091-exec-2 [32m1777897873149hak  [0;39m <==    Updates: 1
31:13.159 [34mINFO [0;39m [34mc.j.t.common.aspect.LogAspect :88  [0;39m http-nio-9091-exec-2 [32m1777897873149hak  [0;39m ·µ»Ø½á¹û: {"success":true}
31:13.159 [34mINFO [0;39m [34mc.j.t.common.aspect.LogAspect :89  [0;39m http-nio-9091-exec-2 [32m1777897873149hak  [0;39m ------------- ½áÊø ºÄÊ±£º7 ms -------------
31:13.190 [34mINFO [0;39m [34mc.j.t.c.i.MemberInterceptor   :26  [0;39m http-nio-9091-exec-3 [32m1777897873190j9g  [0;39m MemberInterceptor¿ªÊ¼
31:13.190 [34mINFO [0;39m [34mc.j.t.c.i.MemberInterceptor   :36  [0;39m http-nio-9091-exec-3 [32m1777897873190j9g  [0;39m MemberInterceptor½áÊø
31:13.192 [34mINFO [0;39m [34mc.j.t.common.aspect.LogAspect :52  [0;39m http-nio-9091-exec-3 [32m1777897873190j9g  [0;39m ------------- ¿ªÊ¼ -------------
31:13.192 [34mINFO [0;39m [34mc.j.t.common.aspect.LogAspect :53  [0;39m http-nio-9091-exec-3 [32m1777897873190j9g  [0;39m ÇëÇóµØÖ·: http://127.0.0.1:9091/member/feign/ticket/save POST
31:13.192 [34mINFO [0;39m [34mc.j.t.common.aspect.LogAspect :54  [0;39m http-nio-9091-exec-3 [32m1777897873190j9g  [0;39m ÀàÃû·½·¨: com.jiawa.train.member.controller.feign.FeignTicketController.save
31:13.192 [34mINFO [0;39m [34mc.j.t.common.aspect.LogAspect :55  [0;39m http-nio-9091-exec-3 [32m1777897873190j9g  [0;39m Ô¶³ÌµØÖ·: 127.0.0.1
31:13.192 [34mINFO [0;39m [34mc.j.t.common.aspect.LogAspect :76  [0;39m http-nio-9091-exec-3 [32m1777897873190j9g  [0;39m ÇëÇó²ÎÊý: [{"carriageIndex":2,"endStation":"ÎäººÕ¾","endTime":21600000,"memberId":1994648397725962240,"passengerId":2003822171247480832,"passengerName":"¹ØÓð","seatCol":"F","seatRow":"09","seatType":"1","startStation":"³É¶¼¶«Õ¾","startTime":0,"trainCode":"GB123","trainDate":1777910400000}]
31:13.193 [39mDEBUG[0;39m [34mc.j.t.m.m.TicketMapper.insert :137 [0;39m http-nio-9091-exec-3 [32m1777897873190j9g  [0;39m ==>  Preparing: insert into ticket (id, member_id, passenger_id, passenger_name, train_date, train_code, carriage_index, seat_row, seat_col, start_station, start_time, end_station, end_time, seat_type, create_time, update_time) values (?, ?, ?, ?, ?, ?, ?, ?, ?, ?, ?, ?, ?, ?, ?, ?)
31:13.194 [39mDEBUG[0;39m [34mc.j.t.m.m.TicketMapper.insert :137 [0;39m http-nio-9091-exec-3 [32m1777897873190j9g  [0;39m ==> Parameters: 2051278471581274112(Long), 1994648397725962240(Long), 2003822171247480832(Long), ¹ØÓð(String), 2026-05-05(Date), GB123(String), 2(Integer), 09(String), F(String), ³É¶¼¶«Õ¾(String), 08:00:00(Time), ÎäººÕ¾(String), 14:00:00(Time), 1(String), 2026-05-04 20:31:13.193(Timestamp), 2026-05-04 20:31:13.193(Timestamp)
31:13.198 [39mDEBUG[0;39m [34mc.j.t.m.m.TicketMapper.insert :137 [0;39m http-nio-9091-exec-3 [32m1777897873190j9g  [0;39m <==    Updates: 1
31:13.199 [34mINFO [0;39m [34mc.j.t.common.aspect.LogAspect :88  [0;39m http-nio-9091-exec-3 [32m1777897873190j9g  [0;39m ·µ»Ø½á¹û: {"success":true}
31:13.199 [34mINFO [0;39m [34mc.j.t.common.aspect.LogAspect :89  [0;39m http-nio-9091-exec-3 [32m1777897873190j9g  [0;39m ------------- ½áÊø ºÄÊ±£º7 ms -------------
31:13.231 [34mINFO [0;39m [34mc.j.t.c.i.MemberInterceptor   :26  [0;39m http-nio-9091-exec-4 [32m17778978732311xr  [0;39m MemberInterceptor¿ªÊ¼
31:13.232 [34mINFO [0;39m [34mc.j.t.c.i.MemberInterceptor   :36  [0;39m http-nio-9091-exec-4 [32m17778978732311xr  [0;39m MemberInterceptor½áÊø
31:13.234 [34mINFO [0;39m [34mc.j.t.common.aspect.LogAspect :52  [0;39m http-nio-9091-exec-4 [32m17778978732311xr  [0;39m ------------- ¿ªÊ¼ -------------
31:13.234 [34mINFO [0;39m [34mc.j.t.common.aspect.LogAspect :53  [0;39m http-nio-9091-exec-4 [32m17778978732311xr  [0;39m ÇëÇóµØÖ·: http://127.0.0.1:9091/member/feign/ticket/save POST
31:13.234 [34mINFO [0;39m [34mc.j.t.common.aspect.LogAspect :54  [0;39m http-nio-9091-exec-4 [32m17778978732311xr  [0;39m ÀàÃû·½·¨: com.jiawa.train.member.controller.feign.FeignTicketController.save
31:13.234 [34mINFO [0;39m [34mc.j.t.common.aspect.LogAspect :55  [0;39m http-nio-9091-exec-4 [32m17778978732311xr  [0;39m Ô¶³ÌµØÖ·: 127.0.0.1
31:13.234 [34mINFO [0;39m [34mc.j.t.common.aspect.LogAspect :76  [0;39m http-nio-9091-exec-4 [32m17778978732311xr  [0;39m ÇëÇó²ÎÊý: [{"carriageIndex":1,"endStation":"ÎäººÕ¾","endTime":21600000,"memberId":1994648397725962240,"passengerId":2003822171247480832,"passengerName":"¹ØÓð","seatCol":"D","seatRow":"05","seatType":"1","startStation":"³É¶¼¶«Õ¾","startTime":0,"trainCode":"GB123","trainDate":1777910400000}]
31:13.235 [39mDEBUG[0;39m [34mc.j.t.m.m.TicketMapper.insert :137 [0;39m http-nio-9091-exec-4 [32m17778978732311xr  [0;39m ==>  Preparing: insert into ticket (id, member_id, passenger_id, passenger_name, train_date, train_code, carriage_index, seat_row, seat_col, start_station, start_time, end_station, end_time, seat_type, create_time, update_time) values (?, ?, ?, ?, ?, ?, ?, ?, ?, ?, ?, ?, ?, ?, ?, ?)
31:13.235 [39mDEBUG[0;39m [34mc.j.t.m.m.TicketMapper.insert :137 [0;39m http-nio-9091-exec-4 [32m17778978732311xr  [0;39m ==> Parameters: 2051278471753240576(Long), 1994648397725962240(Long), 2003822171247480832(Long), ¹ØÓð(String), 2026-05-05(Date), GB123(String), 1(Integer), 05(String), D(String), ³É¶¼¶«Õ¾(String), 08:00:00(Time), ÎäººÕ¾(String), 14:00:00(Time), 1(String), 2026-05-04 20:31:13.234(Timestamp), 2026-05-04 20:31:13.234(Timestamp)
31:13.239 [39mDEBUG[0;39m [34mc.j.t.m.m.TicketMapper.insert :137 [0;39m http-nio-9091-exec-4 [32m17778978732311xr  [0;39m <==    Updates: 1
31:13.240 [34mINFO [0;39m [34mc.j.t.common.aspect.LogAspect :88  [0;39m http-nio-9091-exec-4 [32m17778978732311xr  [0;39m ·µ»Ø½á¹û: {"success":true}
31:13.240 [34mINFO [0;39m [34mc.j.t.common.aspect.LogAspect :89  [0;39m http-nio-9091-exec-4 [32m17778978732311xr  [0;39m ------------- ½áÊø ºÄÊ±£º6 ms -------------
31:13.273 [34mINFO [0;39m [34mc.j.t.c.i.MemberInterceptor   :26  [0;39m http-nio-9091-exec-5 [32m1777897873273xcw  [0;39m MemberInterceptor¿ªÊ¼
31:13.274 [34mINFO [0;39m [34mc.j.t.c.i.MemberInterceptor   :36  [0;39m http-nio-9091-exec-5 [32m1777897873273xcw  [0;39m MemberInterceptor½áÊø
31:13.275 [34mINFO [0;39m [34mc.j.t.common.aspect.LogAspect :52  [0;39m http-nio-9091-exec-5 [32m1777897873273xcw  [0;39m ------------- ¿ªÊ¼ -------------
31:13.275 [34mINFO [0;39m [34mc.j.t.common.aspect.LogAspect :53  [0;39m http-nio-9091-exec-5 [32m1777897873273xcw  [0;39m ÇëÇóµØÖ·: http://127.0.0.1:9091/member/feign/ticket/save POST
31:13.276 [34mINFO [0;39m [34mc.j.t.common.aspect.LogAspect :54  [0;39m http-nio-9091-exec-5 [32m1777897873273xcw  [0;39m ÀàÃû·½·¨: com.jiawa.train.member.controller.feign.FeignTicketController.save
31:13.276 [34mINFO [0;39m [34mc.j.t.common.aspect.LogAspect :55  [0;39m http-nio-9091-exec-5 [32m1777897873273xcw  [0;39m Ô¶³ÌµØÖ·: 127.0.0.1
31:13.276 [34mINFO [0;39m [34mc.j.t.common.aspect.LogAspect :76  [0;39m http-nio-9091-exec-5 [32m1777897873273xcw  [0;39m ÇëÇó²ÎÊý: [{"carriageIndex":2,"endStation":"ÎäººÕ¾","endTime":21600000,"memberId":1994648397725962240,"passengerId":2003822171247480832,"passengerName":"¹ØÓð","seatCol":"D","seatRow":"09","seatType":"1","startStation":"³É¶¼¶«Õ¾","startTime":0,"trainCode":"GB123","trainDate":1777910400000}]
31:13.277 [39mDEBUG[0;39m [34mc.j.t.m.m.TicketMapper.insert :137 [0;39m http-nio-9091-exec-5 [32m1777897873273xcw  [0;39m ==>  Preparing: insert into ticket (id, member_id, passenger_id, passenger_name, train_date, train_code, carriage_index, seat_row, seat_col, start_station, start_time, end_station, end_time, seat_type, create_time, update_time) values (?, ?, ?, ?, ?, ?, ?, ?, ?, ?, ?, ?, ?, ?, ?, ?)
31:13.278 [39mDEBUG[0;39m [34mc.j.t.m.m.TicketMapper.insert :137 [0;39m http-nio-9091-exec-5 [32m1777897873273xcw  [0;39m ==> Parameters: 2051278471929401344(Long), 1994648397725962240(Long), 2003822171247480832(Long), ¹ØÓð(String), 2026-05-05(Date), GB123(String), 2(Integer), 09(String), D(String), ³É¶¼¶«Õ¾(String), 08:00:00(Time), ÎäººÕ¾(String), 14:00:00(Time), 1(String), 2026-05-04 20:31:13.276(Timestamp), 2026-05-04 20:31:13.276(Timestamp)
31:13.289 [39mDEBUG[0;39m [34mc.j.t.m.m.TicketMapper.insert :137 [0;39m http-nio-9091-exec-5 [32m1777897873273xcw  [0;39m <==    Updates: 1
31:13.290 [34mINFO [0;39m [34mc.j.t.common.aspect.LogAspect :88  [0;39m http-nio-9091-exec-5 [32m1777897873273xcw  [0;39m ·µ»Ø½á¹û: {"success":true}
31:13.290 [34mINFO [0;39m [34mc.j.t.common.aspect.LogAspect :89  [0;39m http-nio-9091-exec-5 [32m1777897873273xcw  [0;39m ------------- ½áÊø ºÄÊ±£º15 ms -------------
31:13.322 [34mINFO [0;39m [34mc.j.t.c.i.MemberInterceptor   :26  [0;39m http-nio-9091-exec-6 [32m17778978733229zd  [0;39m MemberInterceptor¿ªÊ¼
31:13.322 [34mINFO [0;39m [34mc.j.t.c.i.MemberInterceptor   :36  [0;39m http-nio-9091-exec-6 [32m17778978733229zd  [0;39m MemberInterceptor½áÊø
31:13.323 [34mINFO [0;39m [34mc.j.t.common.aspect.LogAspect :52  [0;39m http-nio-9091-exec-6 [32m17778978733229zd  [0;39m ------------- ¿ªÊ¼ -------------
31:13.323 [34mINFO [0;39m [34mc.j.t.common.aspect.LogAspect :53  [0;39m http-nio-9091-exec-6 [32m17778978733229zd  [0;39m ÇëÇóµØÖ·: http://127.0.0.1:9091/member/feign/ticket/save POST
31:13.324 [34mINFO [0;39m [34mc.j.t.common.aspect.LogAspect :54  [0;39m http-nio-9091-exec-6 [32m17778978733229zd  [0;39m ÀàÃû·½·¨: com.jiawa.train.member.controller.feign.FeignTicketController.save
31:13.324 [34mINFO [0;39m [34mc.j.t.common.aspect.LogAspect :55  [0;39m http-nio-9091-exec-6 [32m17778978733229zd  [0;39m Ô¶³ÌµØÖ·: 127.0.0.1
31:13.325 [34mINFO [0;39m [34mc.j.t.common.aspect.LogAspect :76  [0;39m http-nio-9091-exec-6 [32m17778978733229zd  [0;39m ÇëÇó²ÎÊý: [{"carriageIndex":2,"endStation":"ÎäººÕ¾","endTime":21600000,"memberId":1994648397725962240,"passengerId":2003822171247480832,"passengerName":"¹ØÓð","seatCol":"F","seatRow":"04","seatType":"1","startStation":"³É¶¼¶«Õ¾","startTime":0,"trainCode":"GB123","trainDate":1777910400000}]
31:13.325 [39mDEBUG[0;39m [34mc.j.t.m.m.TicketMapper.insert :137 [0;39m http-nio-9091-exec-6 [32m17778978733229zd  [0;39m ==>  Preparing: insert into ticket (id, member_id, passenger_id, passenger_name, train_date, train_code, carriage_index, seat_row, seat_col, start_station, start_time, end_station, end_time, seat_type, create_time, update_time) values (?, ?, ?, ?, ?, ?, ?, ?, ?, ?, ?, ?, ?, ?, ?, ?)
31:13.326 [39mDEBUG[0;39m [34mc.j.t.m.m.TicketMapper.insert :137 [0;39m http-nio-9091-exec-6 [32m17778978733229zd  [0;39m ==> Parameters: 2051278472134922240(Long), 1994648397725962240(Long), 2003822171247480832(Long), ¹ØÓð(String), 2026-05-05(Date), GB123(String), 2(Integer), 04(String), F(String), ³É¶¼¶«Õ¾(String), 08:00:00(Time), ÎäººÕ¾(String), 14:00:00(Time), 1(String), 2026-05-04 20:31:13.325(Timestamp), 2026-05-04 20:31:13.325(Timestamp)
31:13.330 [39mDEBUG[0;39m [34mc.j.t.m.m.TicketMapper.insert :137 [0;39m http-nio-9091-exec-6 [32m17778978733229zd  [0;39m <==    Updates: 1
31:13.331 [34mINFO [0;39m [34mc.j.t.common.aspect.LogAspect :88  [0;39m http-nio-9091-exec-6 [32m17778978733229zd  [0;39m ·µ»Ø½á¹û: {"success":true}
31:13.331 [34mINFO [0;39m [34mc.j.t.common.aspect.LogAspect :89  [0;39m http-nio-9091-exec-6 [32m17778978733229zd  [0;39m ------------- ½áÊø ºÄÊ±£º8 ms -------------
31:13.364 [34mINFO [0;39m [34mc.j.t.c.i.MemberInterceptor   :26  [0;39m http-nio-9091-exec-7 [32m1777897873364cq9  [0;39m MemberInterceptor¿ªÊ¼
31:13.365 [34mINFO [0;39m [34mc.j.t.c.i.MemberInterceptor   :36  [0;39m http-nio-9091-exec-7 [32m1777897873364cq9  [0;39m MemberInterceptor½áÊø
31:13.366 [34mINFO [0;39m [34mc.j.t.common.aspect.LogAspect :52  [0;39m http-nio-9091-exec-7 [32m1777897873364cq9  [0;39m ------------- ¿ªÊ¼ -------------
31:13.366 [34mINFO [0;39m [34mc.j.t.common.aspect.LogAspect :53  [0;39m http-nio-9091-exec-7 [32m1777897873364cq9  [0;39m ÇëÇóµØÖ·: http://127.0.0.1:9091/member/feign/ticket/save POST
31:13.367 [34mINFO [0;39m [34mc.j.t.common.aspect.LogAspect :54  [0;39m http-nio-9091-exec-7 [32m1777897873364cq9  [0;39m ÀàÃû·½·¨: com.jiawa.train.member.controller.feign.FeignTicketController.save
31:13.367 [34mINFO [0;39m [34mc.j.t.common.aspect.LogAspect :55  [0;39m http-nio-9091-exec-7 [32m1777897873364cq9  [0;39m Ô¶³ÌµØÖ·: 127.0.0.1
31:13.367 [34mINFO [0;39m [34mc.j.t.common.aspect.LogAspect :76  [0;39m http-nio-9091-exec-7 [32m1777897873364cq9  [0;39m ÇëÇó²ÎÊý: [{"carriageIndex":2,"endStation":"ÎäººÕ¾","endTime":21600000,"memberId":1994648397725962240,"passengerId":2003822171247480832,"passengerName":"¹ØÓð","seatCol":"C","seatRow":"01","seatType":"1","startStation":"³É¶¼¶«Õ¾","startTime":0,"trainCode":"GB123","trainDate":1777910400000}]
31:13.367 [39mDEBUG[0;39m [34mc.j.t.m.m.TicketMapper.insert :137 [0;39m http-nio-9091-exec-7 [32m1777897873364cq9  [0;39m ==>  Preparing: insert into ticket (id, member_id, passenger_id, passenger_name, train_date, train_code, carriage_index, seat_row, seat_col, start_station, start_time, end_station, end_time, seat_type, create_time, update_time) values (?, ?, ?, ?, ?, ?, ?, ?, ?, ?, ?, ?, ?, ?, ?, ?)
31:13.368 [39mDEBUG[0;39m [34mc.j.t.m.m.TicketMapper.insert :137 [0;39m http-nio-9091-exec-7 [32m1777897873364cq9  [0;39m ==> Parameters: 2051278472311083008(Long), 1994648397725962240(Long), 2003822171247480832(Long), ¹ØÓð(String), 2026-05-05(Date), GB123(String), 2(Integer), 01(String), C(String), ³É¶¼¶«Õ¾(String), 08:00:00(Time), ÎäººÕ¾(String), 14:00:00(Time), 1(String), 2026-05-04 20:31:13.367(Timestamp), 2026-05-04 20:31:13.367(Timestamp)
31:13.372 [39mDEBUG[0;39m [34mc.j.t.m.m.TicketMapper.insert :137 [0;39m http-nio-9091-exec-7 [32m1777897873364cq9  [0;39m <==    Updates: 1
31:13.373 [34mINFO [0;39m [34mc.j.t.common.aspect.LogAspect :88  [0;39m http-nio-9091-exec-7 [32m1777897873364cq9  [0;39m ·µ»Ø½á¹û: {"success":true}
31:13.373 [34mINFO [0;39m [34mc.j.t.common.aspect.LogAspect :89  [0;39m http-nio-9091-exec-7 [32m1777897873364cq9  [0;39m ------------- ½áÊø ºÄÊ±£º7 ms -------------
31:13.405 [34mINFO [0;39m [34mc.j.t.c.i.MemberInterceptor   :26  [0;39m http-nio-9091-exec-8 [32m1777897873405sm8  [0;39m MemberInterceptor¿ªÊ¼
31:13.405 [34mINFO [0;39m [34mc.j.t.c.i.MemberInterceptor   :36  [0;39m http-nio-9091-exec-8 [32m1777897873405sm8  [0;39m MemberInterceptor½áÊø
31:13.406 [34mINFO [0;39m [34mc.j.t.common.aspect.LogAspect :52  [0;39m http-nio-9091-exec-8 [32m1777897873405sm8  [0;39m ------------- ¿ªÊ¼ -------------
31:13.406 [34mINFO [0;39m [34mc.j.t.common.aspect.LogAspect :53  [0;39m http-nio-9091-exec-8 [32m1777897873405sm8  [0;39m ÇëÇóµØÖ·: http://127.0.0.1:9091/member/feign/ticket/save POST
31:13.406 [34mINFO [0;39m [34mc.j.t.common.aspect.LogAspect :54  [0;39m http-nio-9091-exec-8 [32m1777897873405sm8  [0;39m ÀàÃû·½·¨: com.jiawa.train.member.controller.feign.FeignTicketController.save
31:13.406 [34mINFO [0;39m [34mc.j.t.common.aspect.LogAspect :55  [0;39m http-nio-9091-exec-8 [32m1777897873405sm8  [0;39m Ô¶³ÌµØÖ·: 127.0.0.1
31:13.406 [34mINFO [0;39m [34mc.j.t.common.aspect.LogAspect :76  [0;39m http-nio-9091-exec-8 [32m1777897873405sm8  [0;39m ÇëÇó²ÎÊý: [{"carriageIndex":1,"endStation":"ÎäººÕ¾","endTime":21600000,"memberId":1994648397725962240,"passengerId":2003822171247480832,"passengerName":"¹ØÓð","seatCol":"C","seatRow":"08","seatType":"1","startStation":"³É¶¼¶«Õ¾","startTime":0,"trainCode":"GB123","trainDate":1777910400000}]
31:13.408 [39mDEBUG[0;39m [34mc.j.t.m.m.TicketMapper.insert :137 [0;39m http-nio-9091-exec-8 [32m1777897873405sm8  [0;39m ==>  Preparing: insert into ticket (id, member_id, passenger_id, passenger_name, train_date, train_code, carriage_index, seat_row, seat_col, start_station, start_time, end_station, end_time, seat_type, create_time, update_time) values (?, ?, ?, ?, ?, ?, ?, ?, ?, ?, ?, ?, ?, ?, ?, ?)
31:13.409 [39mDEBUG[0;39m [34mc.j.t.m.m.TicketMapper.insert :137 [0;39m http-nio-9091-exec-8 [32m1777897873405sm8  [0;39m ==> Parameters: 2051278472483049472(Long), 1994648397725962240(Long), 2003822171247480832(Long), ¹ØÓð(String), 2026-05-05(Date), GB123(String), 1(Integer), 08(String), C(String), ³É¶¼¶«Õ¾(String), 08:00:00(Time), ÎäººÕ¾(String), 14:00:00(Time), 1(String), 2026-05-04 20:31:13.406(Timestamp), 2026-05-04 20:31:13.406(Timestamp)
31:13.412 [39mDEBUG[0;39m [34mc.j.t.m.m.TicketMapper.insert :137 [0;39m http-nio-9091-exec-8 [32m1777897873405sm8  [0;39m <==    Updates: 1
31:13.413 [34mINFO [0;39m [34mc.j.t.common.aspect.LogAspect :88  [0;39m http-nio-9091-exec-8 [32m1777897873405sm8  [0;39m ·µ»Ø½á¹û: {"success":true}
31:13.413 [34mINFO [0;39m [34mc.j.t.common.aspect.LogAspect :89  [0;39m http-nio-9091-exec-8 [32m1777897873405sm8  [0;39m ------------- ½áÊø ºÄÊ±£º7 ms -------------
31:13.443 [34mINFO [0;39m [34mc.j.t.c.i.MemberInterceptor   :26  [0;39m http-nio-9091-exec-9 [32m1777897873443gqk  [0;39m MemberInterceptor¿ªÊ¼
31:13.443 [34mINFO [0;39m [34mc.j.t.c.i.MemberInterceptor   :36  [0;39m http-nio-9091-exec-9 [32m1777897873443gqk  [0;39m MemberInterceptor½áÊø
31:13.444 [34mINFO [0;39m [34mc.j.t.common.aspect.LogAspect :52  [0;39m http-nio-9091-exec-9 [32m1777897873443gqk  [0;39m ------------- ¿ªÊ¼ -------------
31:13.444 [34mINFO [0;39m [34mc.j.t.common.aspect.LogAspect :53  [0;39m http-nio-9091-exec-9 [32m1777897873443gqk  [0;39m ÇëÇóµØÖ·: http://127.0.0.1:9091/member/feign/ticket/save POST
31:13.445 [34mINFO [0;39m [34mc.j.t.common.aspect.LogAspect :54  [0;39m http-nio-9091-exec-9 [32m1777897873443gqk  [0;39m ÀàÃû·½·¨: com.jiawa.train.member.controller.feign.FeignTicketController.save
31:13.445 [34mINFO [0;39m [34mc.j.t.common.aspect.LogAspect :55  [0;39m http-nio-9091-exec-9 [32m1777897873443gqk  [0;39m Ô¶³ÌµØÖ·: 127.0.0.1
31:13.445 [34mINFO [0;39m [34mc.j.t.common.aspect.LogAspect :76  [0;39m http-nio-9091-exec-9 [32m1777897873443gqk  [0;39m ÇëÇó²ÎÊý: [{"carriageIndex":1,"endStation":"ÎäººÕ¾","endTime":21600000,"memberId":1994648397725962240,"passengerId":2003822171247480832,"passengerName":"¹ØÓð","seatCol":"C","seatRow":"03","seatType":"1","startStation":"³É¶¼¶«Õ¾","startTime":0,"trainCode":"GB123","trainDate":1777910400000}]
31:13.446 [39mDEBUG[0;39m [34mc.j.t.m.m.TicketMapper.insert :137 [0;39m http-nio-9091-exec-9 [32m1777897873443gqk  [0;39m ==>  Preparing: insert into ticket (id, member_id, passenger_id, passenger_name, train_date, train_code, carriage_index, seat_row, seat_col, start_station, start_time, end_station, end_time, seat_type, create_time, update_time) values (?, ?, ?, ?, ?, ?, ?, ?, ?, ?, ?, ?, ?, ?, ?, ?)
31:13.447 [39mDEBUG[0;39m [34mc.j.t.m.m.TicketMapper.insert :137 [0;39m http-nio-9091-exec-9 [32m1777897873443gqk  [0;39m ==> Parameters: 2051278472638238720(Long), 1994648397725962240(Long), 2003822171247480832(Long), ¹ØÓð(String), 2026-05-05(Date), GB123(String), 1(Integer), 03(String), C(String), ³É¶¼¶«Õ¾(String), 08:00:00(Time), ÎäººÕ¾(String), 14:00:00(Time), 1(String), 2026-05-04 20:31:13.445(Timestamp), 2026-05-04 20:31:13.445(Timestamp)
31:13.451 [39mDEBUG[0;39m [34mc.j.t.m.m.TicketMapper.insert :137 [0;39m http-nio-9091-exec-9 [32m1777897873443gqk  [0;39m <==    Updates: 1
31:13.451 [34mINFO [0;39m [34mc.j.t.common.aspect.LogAspect :88  [0;39m http-nio-9091-exec-9 [32m1777897873443gqk  [0;39m ·µ»Ø½á¹û: {"success":true}
31:13.451 [34mINFO [0;39m [34mc.j.t.common.aspect.LogAspect :89  [0;39m http-nio-9091-exec-9 [32m1777897873443gqk  [0;39m ------------- ½áÊø ºÄÊ±£º7 ms -------------
31:13.483 [34mINFO [0;39m [34mc.j.t.c.i.MemberInterceptor   :26  [0;39m http-nio-9091-exec-10 [32m1777897873483mp7  [0;39m MemberInterceptor¿ªÊ¼
31:13.484 [34mINFO [0;39m [34mc.j.t.c.i.MemberInterceptor   :36  [0;39m http-nio-9091-exec-10 [32m1777897873483mp7  [0;39m MemberInterceptor½áÊø
31:13.485 [34mINFO [0;39m [34mc.j.t.common.aspect.LogAspect :52  [0;39m http-nio-9091-exec-10 [32m1777897873483mp7  [0;39m ------------- ¿ªÊ¼ -------------
31:13.485 [34mINFO [0;39m [34mc.j.t.common.aspect.LogAspect :53  [0;39m http-nio-9091-exec-10 [32m1777897873483mp7  [0;39m ÇëÇóµØÖ·: http://127.0.0.1:9091/member/feign/ticket/save POST
31:13.485 [34mINFO [0;39m [34mc.j.t.common.aspect.LogAspect :54  [0;39m http-nio-9091-exec-10 [32m1777897873483mp7  [0;39m ÀàÃû·½·¨: com.jiawa.train.member.controller.feign.FeignTicketController.save
31:13.485 [34mINFO [0;39m [34mc.j.t.common.aspect.LogAspect :55  [0;39m http-nio-9091-exec-10 [32m1777897873483mp7  [0;39m Ô¶³ÌµØÖ·: 127.0.0.1
31:13.486 [34mINFO [0;39m [34mc.j.t.common.aspect.LogAspect :76  [0;39m http-nio-9091-exec-10 [32m1777897873483mp7  [0;39m ÇëÇó²ÎÊý: [{"carriageIndex":1,"endStation":"ÎäººÕ¾","endTime":21600000,"memberId":1994648397725962240,"passengerId":2003822171247480832,"passengerName":"¹ØÓð","seatCol":"F","seatRow":"06","seatType":"1","startStation":"³É¶¼¶«Õ¾","startTime":0,"trainCode":"GB123","trainDate":1777910400000}]
31:13.486 [39mDEBUG[0;39m [34mc.j.t.m.m.TicketMapper.insert :137 [0;39m http-nio-9091-exec-10 [32m1777897873483mp7  [0;39m ==>  Preparing: insert into ticket (id, member_id, passenger_id, passenger_name, train_date, train_code, carriage_index, seat_row, seat_col, start_station, start_time, end_station, end_time, seat_type, create_time, update_time) values (?, ?, ?, ?, ?, ?, ?, ?, ?, ?, ?, ?, ?, ?, ?, ?)
31:13.487 [39mDEBUG[0;39m [34mc.j.t.m.m.TicketMapper.insert :137 [0;39m http-nio-9091-exec-10 [32m1777897873483mp7  [0;39m ==> Parameters: 2051278472810205184(Long), 1994648397725962240(Long), 2003822171247480832(Long), ¹ØÓð(String), 2026-05-05(Date), GB123(String), 1(Integer), 06(String), F(String), ³É¶¼¶«Õ¾(String), 08:00:00(Time), ÎäººÕ¾(String), 14:00:00(Time), 1(String), 2026-05-04 20:31:13.486(Timestamp), 2026-05-04 20:31:13.486(Timestamp)
31:13.491 [39mDEBUG[0;39m [34mc.j.t.m.m.TicketMapper.insert :137 [0;39m http-nio-9091-exec-10 [32m1777897873483mp7  [0;39m <==    Updates: 1
31:13.492 [34mINFO [0;39m [34mc.j.t.common.aspect.LogAspect :88  [0;39m http-nio-9091-exec-10 [32m1777897873483mp7  [0;39m ·µ»Ø½á¹û: {"success":true}
31:13.492 [34mINFO [0;39m [34mc.j.t.common.aspect.LogAspect :89  [0;39m http-nio-9091-exec-10 [32m1777897873483mp7  [0;39m ------------- ½áÊø ºÄÊ±£º7 ms -------------
31:13.524 [34mINFO [0;39m [34mc.j.t.c.i.MemberInterceptor   :26  [0;39m http-nio-9091-exec-1 [32m1777897873524k9m  [0;39m MemberInterceptor¿ªÊ¼
31:13.524 [34mINFO [0;39m [34mc.j.t.c.i.MemberInterceptor   :36  [0;39m http-nio-9091-exec-1 [32m1777897873524k9m  [0;39m MemberInterceptor½áÊø
31:13.526 [34mINFO [0;39m [34mc.j.t.common.aspect.LogAspect :52  [0;39m http-nio-9091-exec-1 [32m1777897873524k9m  [0;39m ------------- ¿ªÊ¼ -------------
31:13.526 [34mINFO [0;39m [34mc.j.t.common.aspect.LogAspect :53  [0;39m http-nio-9091-exec-1 [32m1777897873524k9m  [0;39m ÇëÇóµØÖ·: http://127.0.0.1:9091/member/feign/ticket/save POST
31:13.526 [34mINFO [0;39m [34mc.j.t.common.aspect.LogAspect :54  [0;39m http-nio-9091-exec-1 [32m1777897873524k9m  [0;39m ÀàÃû·½·¨: com.jiawa.train.member.controller.feign.FeignTicketController.save
31:13.526 [34mINFO [0;39m [34mc.j.t.common.aspect.LogAspect :55  [0;39m http-nio-9091-exec-1 [32m1777897873524k9m  [0;39m Ô¶³ÌµØÖ·: 127.0.0.1
31:13.526 [34mINFO [0;39m [34mc.j.t.common.aspect.LogAspect :76  [0;39m http-nio-9091-exec-1 [32m1777897873524k9m  [0;39m ÇëÇó²ÎÊý: [{"carriageIndex":1,"endStation":"ÎäººÕ¾","endTime":21600000,"memberId":1994648397725962240,"passengerId":2003822171247480832,"passengerName":"¹ØÓð","seatCol":"A","seatRow":"05","seatType":"1","startStation":"³É¶¼¶«Õ¾","startTime":0,"trainCode":"GB123","trainDate":1777910400000}]
31:13.528 [39mDEBUG[0;39m [34mc.j.t.m.m.TicketMapper.insert :137 [0;39m http-nio-9091-exec-1 [32m1777897873524k9m  [0;39m ==>  Preparing: insert into ticket (id, member_id, passenger_id, passenger_name, train_date, train_code, carriage_index, seat_row, seat_col, start_station, start_time, end_station, end_time, seat_type, create_time, update_time) values (?, ?, ?, ?, ?, ?, ?, ?, ?, ?, ?, ?, ?, ?, ?, ?)
31:13.529 [39mDEBUG[0;39m [34mc.j.t.m.m.TicketMapper.insert :137 [0;39m http-nio-9091-exec-1 [32m1777897873524k9m  [0;39m ==> Parameters: 2051278472986365952(Long), 1994648397725962240(Long), 2003822171247480832(Long), ¹ØÓð(String), 2026-05-05(Date), GB123(String), 1(Integer), 05(String), A(String), ³É¶¼¶«Õ¾(String), 08:00:00(Time), ÎäººÕ¾(String), 14:00:00(Time), 1(String), 2026-05-04 20:31:13.526(Timestamp), 2026-05-04 20:31:13.526(Timestamp)
31:13.535 [39mDEBUG[0;39m [34mc.j.t.m.m.TicketMapper.insert :137 [0;39m http-nio-9091-exec-1 [32m1777897873524k9m  [0;39m <==    Updates: 1
31:13.536 [34mINFO [0;39m [34mc.j.t.common.aspect.LogAspect :88  [0;39m http-nio-9091-exec-1 [32m1777897873524k9m  [0;39m ·µ»Ø½á¹û: {"success":true}
31:13.536 [34mINFO [0;39m [34mc.j.t.common.aspect.LogAspect :89  [0;39m http-nio-9091-exec-1 [32m1777897873524k9m  [0;39m ------------- ½áÊø ºÄÊ±£º10 ms -------------
31:13.567 [34mINFO [0;39m [34mc.j.t.c.i.MemberInterceptor   :26  [0;39m http-nio-9091-exec-2 [32m17778978735674np  [0;39m MemberInterceptor¿ªÊ¼
31:13.567 [34mINFO [0;39m [34mc.j.t.c.i.MemberInterceptor   :36  [0;39m http-nio-9091-exec-2 [32m17778978735674np  [0;39m MemberInterceptor½áÊø
31:13.569 [34mINFO [0;39m [34mc.j.t.common.aspect.LogAspect :52  [0;39m http-nio-9091-exec-2 [32m17778978735674np  [0;39m ------------- ¿ªÊ¼ -------------
31:13.570 [34mINFO [0;39m [34mc.j.t.common.aspect.LogAspect :53  [0;39m http-nio-9091-exec-2 [32m17778978735674np  [0;39m ÇëÇóµØÖ·: http://127.0.0.1:9091/member/feign/ticket/save POST
31:13.570 [34mINFO [0;39m [34mc.j.t.common.aspect.LogAspect :54  [0;39m http-nio-9091-exec-2 [32m17778978735674np  [0;39m ÀàÃû·½·¨: com.jiawa.train.member.controller.feign.FeignTicketController.save
31:13.570 [34mINFO [0;39m [34mc.j.t.common.aspect.LogAspect :55  [0;39m http-nio-9091-exec-2 [32m17778978735674np  [0;39m Ô¶³ÌµØÖ·: 127.0.0.1
31:13.570 [34mINFO [0;39m [34mc.j.t.common.aspect.LogAspect :76  [0;39m http-nio-9091-exec-2 [32m17778978735674np  [0;39m ÇëÇó²ÎÊý: [{"carriageIndex":1,"endStation":"ÎäººÕ¾","endTime":21600000,"memberId":1994648397725962240,"passengerId":2003822171247480832,"passengerName":"¹ØÓð","seatCol":"A","seatRow":"10","seatType":"1","startStation":"³É¶¼¶«Õ¾","startTime":0,"trainCode":"GB123","trainDate":1777910400000}]
31:13.570 [39mDEBUG[0;39m [34mc.j.t.m.m.TicketMapper.insert :137 [0;39m http-nio-9091-exec-2 [32m17778978735674np  [0;39m ==>  Preparing: insert into ticket (id, member_id, passenger_id, passenger_name, train_date, train_code, carriage_index, seat_row, seat_col, start_station, start_time, end_station, end_time, seat_type, create_time, update_time) values (?, ?, ?, ?, ?, ?, ?, ?, ?, ?, ?, ?, ?, ?, ?, ?)
31:13.571 [39mDEBUG[0;39m [34mc.j.t.m.m.TicketMapper.insert :137 [0;39m http-nio-9091-exec-2 [32m17778978735674np  [0;39m ==> Parameters: 2051278473162526720(Long), 1994648397725962240(Long), 2003822171247480832(Long), ¹ØÓð(String), 2026-05-05(Date), GB123(String), 1(Integer), 10(String), A(String), ³É¶¼¶«Õ¾(String), 08:00:00(Time), ÎäººÕ¾(String), 14:00:00(Time), 1(String), 2026-05-04 20:31:13.57(Timestamp), 2026-05-04 20:31:13.57(Timestamp)
31:13.575 [39mDEBUG[0;39m [34mc.j.t.m.m.TicketMapper.insert :137 [0;39m http-nio-9091-exec-2 [32m17778978735674np  [0;39m <==    Updates: 1
31:13.576 [34mINFO [0;39m [34mc.j.t.common.aspect.LogAspect :88  [0;39m http-nio-9091-exec-2 [32m17778978735674np  [0;39m ·µ»Ø½á¹û: {"success":true}
31:13.576 [34mINFO [0;39m [34mc.j.t.common.aspect.LogAspect :89  [0;39m http-nio-9091-exec-2 [32m17778978735674np  [0;39m ------------- ½áÊø ºÄÊ±£º7 ms -------------
31:13.608 [34mINFO [0;39m [34mc.j.t.c.i.MemberInterceptor   :26  [0;39m http-nio-9091-exec-3 [32m1777897873608zrf  [0;39m MemberInterceptor¿ªÊ¼
31:13.609 [34mINFO [0;39m [34mc.j.t.c.i.MemberInterceptor   :36  [0;39m http-nio-9091-exec-3 [32m1777897873608zrf  [0;39m MemberInterceptor½áÊø
31:13.610 [34mINFO [0;39m [34mc.j.t.common.aspect.LogAspect :52  [0;39m http-nio-9091-exec-3 [32m1777897873608zrf  [0;39m ------------- ¿ªÊ¼ -------------
31:13.610 [34mINFO [0;39m [34mc.j.t.common.aspect.LogAspect :53  [0;39m http-nio-9091-exec-3 [32m1777897873608zrf  [0;39m ÇëÇóµØÖ·: http://127.0.0.1:9091/member/feign/ticket/save POST
31:13.610 [34mINFO [0;39m [34mc.j.t.common.aspect.LogAspect :54  [0;39m http-nio-9091-exec-3 [32m1777897873608zrf  [0;39m ÀàÃû·½·¨: com.jiawa.train.member.controller.feign.FeignTicketController.save
31:13.610 [34mINFO [0;39m [34mc.j.t.common.aspect.LogAspect :55  [0;39m http-nio-9091-exec-3 [32m1777897873608zrf  [0;39m Ô¶³ÌµØÖ·: 127.0.0.1
31:13.610 [34mINFO [0;39m [34mc.j.t.common.aspect.LogAspect :76  [0;39m http-nio-9091-exec-3 [32m1777897873608zrf  [0;39m ÇëÇó²ÎÊý: [{"carriageIndex":1,"endStation":"ÎäººÕ¾","endTime":21600000,"memberId":1994648397725962240,"passengerId":2003822171247480832,"passengerName":"¹ØÓð","seatCol":"C","seatRow":"09","seatType":"1","startStation":"³É¶¼¶«Õ¾","startTime":0,"trainCode":"GB123","trainDate":1777910400000}]
31:13.611 [39mDEBUG[0;39m [34mc.j.t.m.m.TicketMapper.insert :137 [0;39m http-nio-9091-exec-3 [32m1777897873608zrf  [0;39m ==>  Preparing: insert into ticket (id, member_id, passenger_id, passenger_name, train_date, train_code, carriage_index, seat_row, seat_col, start_station, start_time, end_station, end_time, seat_type, create_time, update_time) values (?, ?, ?, ?, ?, ?, ?, ?, ?, ?, ?, ?, ?, ?, ?, ?)
31:13.612 [39mDEBUG[0;39m [34mc.j.t.m.m.TicketMapper.insert :137 [0;39m http-nio-9091-exec-3 [32m1777897873608zrf  [0;39m ==> Parameters: 2051278473334493184(Long), 1994648397725962240(Long), 2003822171247480832(Long), ¹ØÓð(String), 2026-05-05(Date), GB123(String), 1(Integer), 09(String), C(String), ³É¶¼¶«Õ¾(String), 08:00:00(Time), ÎäººÕ¾(String), 14:00:00(Time), 1(String), 2026-05-04 20:31:13.611(Timestamp), 2026-05-04 20:31:13.611(Timestamp)
31:13.616 [39mDEBUG[0;39m [34mc.j.t.m.m.TicketMapper.insert :137 [0;39m http-nio-9091-exec-3 [32m1777897873608zrf  [0;39m <==    Updates: 1
31:13.616 [34mINFO [0;39m [34mc.j.t.common.aspect.LogAspect :88  [0;39m http-nio-9091-exec-3 [32m1777897873608zrf  [0;39m ·µ»Ø½á¹û: {"success":true}
31:13.617 [34mINFO [0;39m [34mc.j.t.common.aspect.LogAspect :89  [0;39m http-nio-9091-exec-3 [32m1777897873608zrf  [0;39m ------------- ½áÊø ºÄÊ±£º7 ms -------------
31:13.651 [34mINFO [0;39m [34mc.j.t.c.i.MemberInterceptor   :26  [0;39m http-nio-9091-exec-4 [32m1777897873651z59  [0;39m MemberInterceptor¿ªÊ¼
31:13.652 [34mINFO [0;39m [34mc.j.t.c.i.MemberInterceptor   :36  [0;39m http-nio-9091-exec-4 [32m1777897873651z59  [0;39m MemberInterceptor½áÊø
31:13.653 [34mINFO [0;39m [34mc.j.t.common.aspect.LogAspect :52  [0;39m http-nio-9091-exec-4 [32m1777897873651z59  [0;39m ------------- ¿ªÊ¼ -------------
31:13.653 [34mINFO [0;39m [34mc.j.t.common.aspect.LogAspect :53  [0;39m http-nio-9091-exec-4 [32m1777897873651z59  [0;39m ÇëÇóµØÖ·: http://127.0.0.1:9091/member/feign/ticket/save POST
31:13.653 [34mINFO [0;39m [34mc.j.t.common.aspect.LogAspect :54  [0;39m http-nio-9091-exec-4 [32m1777897873651z59  [0;39m ÀàÃû·½·¨: com.jiawa.train.member.controller.feign.FeignTicketController.save
31:13.653 [34mINFO [0;39m [34mc.j.t.common.aspect.LogAspect :55  [0;39m http-nio-9091-exec-4 [32m1777897873651z59  [0;39m Ô¶³ÌµØÖ·: 127.0.0.1
31:13.654 [34mINFO [0;39m [34mc.j.t.common.aspect.LogAspect :76  [0;39m http-nio-9091-exec-4 [32m1777897873651z59  [0;39m ÇëÇó²ÎÊý: [{"carriageIndex":2,"endStation":"ÎäººÕ¾","endTime":21600000,"memberId":1994648397725962240,"passengerId":2003822171247480832,"passengerName":"¹ØÓð","seatCol":"C","seatRow":"02","seatType":"1","startStation":"³É¶¼¶«Õ¾","startTime":0,"trainCode":"GB123","trainDate":1777910400000}]
31:13.654 [39mDEBUG[0;39m [34mc.j.t.m.m.TicketMapper.insert :137 [0;39m http-nio-9091-exec-4 [32m1777897873651z59  [0;39m ==>  Preparing: insert into ticket (id, member_id, passenger_id, passenger_name, train_date, train_code, carriage_index, seat_row, seat_col, start_station, start_time, end_station, end_time, seat_type, create_time, update_time) values (?, ?, ?, ?, ?, ?, ?, ?, ?, ?, ?, ?, ?, ?, ?, ?)
31:13.655 [39mDEBUG[0;39m [34mc.j.t.m.m.TicketMapper.insert :137 [0;39m http-nio-9091-exec-4 [32m1777897873651z59  [0;39m ==> Parameters: 2051278473514848256(Long), 1994648397725962240(Long), 2003822171247480832(Long), ¹ØÓð(String), 2026-05-05(Date), GB123(String), 2(Integer), 02(String), C(String), ³É¶¼¶«Õ¾(String), 08:00:00(Time), ÎäººÕ¾(String), 14:00:00(Time), 1(String), 2026-05-04 20:31:13.654(Timestamp), 2026-05-04 20:31:13.654(Timestamp)
31:13.659 [39mDEBUG[0;39m [34mc.j.t.m.m.TicketMapper.insert :137 [0;39m http-nio-9091-exec-4 [32m1777897873651z59  [0;39m <==    Updates: 1
31:13.659 [34mINFO [0;39m [34mc.j.t.common.aspect.LogAspect :88  [0;39m http-nio-9091-exec-4 [32m1777897873651z59  [0;39m ·µ»Ø½á¹û: {"success":true}
31:13.660 [34mINFO [0;39m [34mc.j.t.common.aspect.LogAspect :89  [0;39m http-nio-9091-exec-4 [32m1777897873651z59  [0;39m ------------- ½áÊø ºÄÊ±£º7 ms -------------
31:13.694 [34mINFO [0;39m [34mc.j.t.c.i.MemberInterceptor   :26  [0;39m http-nio-9091-exec-5 [32m1777897873694p4k  [0;39m MemberInterceptor¿ªÊ¼
31:13.695 [34mINFO [0;39m [34mc.j.t.c.i.MemberInterceptor   :36  [0;39m http-nio-9091-exec-5 [32m1777897873694p4k  [0;39m MemberInterceptor½áÊø
31:13.696 [34mINFO [0;39m [34mc.j.t.common.aspect.LogAspect :52  [0;39m http-nio-9091-exec-5 [32m1777897873694p4k  [0;39m ------------- ¿ªÊ¼ -------------
31:13.696 [34mINFO [0;39m [34mc.j.t.common.aspect.LogAspect :53  [0;39m http-nio-9091-exec-5 [32m1777897873694p4k  [0;39m ÇëÇóµØÖ·: http://127.0.0.1:9091/member/feign/ticket/save POST
31:13.697 [34mINFO [0;39m [34mc.j.t.common.aspect.LogAspect :54  [0;39m http-nio-9091-exec-5 [32m1777897873694p4k  [0;39m ÀàÃû·½·¨: com.jiawa.train.member.controller.feign.FeignTicketController.save
31:13.701 [34mINFO [0;39m [34mc.j.t.common.aspect.LogAspect :55  [0;39m http-nio-9091-exec-5 [32m1777897873694p4k  [0;39m Ô¶³ÌµØÖ·: 127.0.0.1
31:13.701 [34mINFO [0;39m [34mc.j.t.common.aspect.LogAspect :76  [0;39m http-nio-9091-exec-5 [32m1777897873694p4k  [0;39m ÇëÇó²ÎÊý: [{"carriageIndex":1,"endStation":"ÎäººÕ¾","endTime":21600000,"memberId":1994648397725962240,"passengerId":2003822171247480832,"passengerName":"¹ØÓð","seatCol":"F","seatRow":"05","seatType":"1","startStation":"³É¶¼¶«Õ¾","startTime":0,"trainCode":"GB123","trainDate":1777910400000}]
31:13.702 [39mDEBUG[0;39m [34mc.j.t.m.m.TicketMapper.insert :137 [0;39m http-nio-9091-exec-5 [32m1777897873694p4k  [0;39m ==>  Preparing: insert into ticket (id, member_id, passenger_id, passenger_name, train_date, train_code, carriage_index, seat_row, seat_col, start_station, start_time, end_station, end_time, seat_type, create_time, update_time) values (?, ?, ?, ?, ?, ?, ?, ?, ?, ?, ?, ?, ?, ?, ?, ?)
31:13.703 [39mDEBUG[0;39m [34mc.j.t.m.m.TicketMapper.insert :137 [0;39m http-nio-9091-exec-5 [32m1777897873694p4k  [0;39m ==> Parameters: 2051278473716174848(Long), 1994648397725962240(Long), 2003822171247480832(Long), ¹ØÓð(String), 2026-05-05(Date), GB123(String), 1(Integer), 05(String), F(String), ³É¶¼¶«Õ¾(String), 08:00:00(Time), ÎäººÕ¾(String), 14:00:00(Time), 1(String), 2026-05-04 20:31:13.701(Timestamp), 2026-05-04 20:31:13.701(Timestamp)
31:13.706 [39mDEBUG[0;39m [34mc.j.t.m.m.TicketMapper.insert :137 [0;39m http-nio-9091-exec-5 [32m1777897873694p4k  [0;39m <==    Updates: 1
31:13.708 [34mINFO [0;39m [34mc.j.t.common.aspect.LogAspect :88  [0;39m http-nio-9091-exec-5 [32m1777897873694p4k  [0;39m ·µ»Ø½á¹û: {"success":true}
31:13.708 [34mINFO [0;39m [34mc.j.t.common.aspect.LogAspect :89  [0;39m http-nio-9091-exec-5 [32m1777897873694p4k  [0;39m ------------- ½áÊø ºÄÊ±£º12 ms -------------
31:13.790 [34mINFO [0;39m [34mc.j.t.c.i.MemberInterceptor   :26  [0;39m http-nio-9091-exec-6 [32m1777897873790brp  [0;39m MemberInterceptor¿ªÊ¼
31:13.790 [34mINFO [0;39m [34mc.j.t.c.i.MemberInterceptor   :36  [0;39m http-nio-9091-exec-6 [32m1777897873790brp  [0;39m MemberInterceptor½áÊø
31:13.791 [34mINFO [0;39m [34mc.j.t.common.aspect.LogAspect :52  [0;39m http-nio-9091-exec-6 [32m1777897873790brp  [0;39m ------------- ¿ªÊ¼ -------------
31:13.792 [34mINFO [0;39m [34mc.j.t.common.aspect.LogAspect :53  [0;39m http-nio-9091-exec-6 [32m1777897873790brp  [0;39m ÇëÇóµØÖ·: http://127.0.0.1:9091/member/feign/ticket/save POST
31:13.793 [34mINFO [0;39m [34mc.j.t.common.aspect.LogAspect :54  [0;39m http-nio-9091-exec-6 [32m1777897873790brp  [0;39m ÀàÃû·½·¨: com.jiawa.train.member.controller.feign.FeignTicketController.save
31:13.793 [34mINFO [0;39m [34mc.j.t.common.aspect.LogAspect :55  [0;39m http-nio-9091-exec-6 [32m1777897873790brp  [0;39m Ô¶³ÌµØÖ·: 127.0.0.1
31:13.793 [34mINFO [0;39m [34mc.j.t.common.aspect.LogAspect :76  [0;39m http-nio-9091-exec-6 [32m1777897873790brp  [0;39m ÇëÇó²ÎÊý: [{"carriageIndex":2,"endStation":"ÎäººÕ¾","endTime":21600000,"memberId":1994648397725962240,"passengerId":2003822171247480832,"passengerName":"¹ØÓð","seatCol":"D","seatRow":"08","seatType":"1","startStation":"³É¶¼¶«Õ¾","startTime":0,"trainCode":"GB123","trainDate":1777910400000}]
31:13.793 [39mDEBUG[0;39m [34mc.j.t.m.m.TicketMapper.insert :137 [0;39m http-nio-9091-exec-6 [32m1777897873790brp  [0;39m ==>  Preparing: insert into ticket (id, member_id, passenger_id, passenger_name, train_date, train_code, carriage_index, seat_row, seat_col, start_station, start_time, end_station, end_time, seat_type, create_time, update_time) values (?, ?, ?, ?, ?, ?, ?, ?, ?, ?, ?, ?, ?, ?, ?, ?)
31:13.794 [39mDEBUG[0;39m [34mc.j.t.m.m.TicketMapper.insert :137 [0;39m http-nio-9091-exec-6 [32m1777897873790brp  [0;39m ==> Parameters: 2051278474097856512(Long), 1994648397725962240(Long), 2003822171247480832(Long), ¹ØÓð(String), 2026-05-05(Date), GB123(String), 2(Integer), 08(String), D(String), ³É¶¼¶«Õ¾(String), 08:00:00(Time), ÎäººÕ¾(String), 14:00:00(Time), 1(String), 2026-05-04 20:31:13.793(Timestamp), 2026-05-04 20:31:13.793(Timestamp)
31:13.798 [39mDEBUG[0;39m [34mc.j.t.m.m.TicketMapper.insert :137 [0;39m http-nio-9091-exec-6 [32m1777897873790brp  [0;39m <==    Updates: 1
31:13.799 [34mINFO [0;39m [34mc.j.t.common.aspect.LogAspect :88  [0;39m http-nio-9091-exec-6 [32m1777897873790brp  [0;39m ·µ»Ø½á¹û: {"success":true}
31:13.799 [34mINFO [0;39m [34mc.j.t.common.aspect.LogAspect :89  [0;39m http-nio-9091-exec-6 [32m1777897873790brp  [0;39m ------------- ½áÊø ºÄÊ±£º8 ms -------------
31:13.834 [34mINFO [0;39m [34mc.j.t.c.i.MemberInterceptor   :26  [0;39m http-nio-9091-exec-7 [32m1777897873834i4g  [0;39m MemberInterceptor¿ªÊ¼
31:13.835 [34mINFO [0;39m [34mc.j.t.c.i.MemberInterceptor   :36  [0;39m http-nio-9091-exec-7 [32m1777897873834i4g  [0;39m MemberInterceptor½áÊø
31:13.836 [34mINFO [0;39m [34mc.j.t.common.aspect.LogAspect :52  [0;39m http-nio-9091-exec-7 [32m1777897873834i4g  [0;39m ------------- ¿ªÊ¼ -------------
31:13.836 [34mINFO [0;39m [34mc.j.t.common.aspect.LogAspect :53  [0;39m http-nio-9091-exec-7 [32m1777897873834i4g  [0;39m ÇëÇóµØÖ·: http://127.0.0.1:9091/member/feign/ticket/save POST
31:13.836 [34mINFO [0;39m [34mc.j.t.common.aspect.LogAspect :54  [0;39m http-nio-9091-exec-7 [32m1777897873834i4g  [0;39m ÀàÃû·½·¨: com.jiawa.train.member.controller.feign.FeignTicketController.save
31:13.836 [34mINFO [0;39m [34mc.j.t.common.aspect.LogAspect :55  [0;39m http-nio-9091-exec-7 [32m1777897873834i4g  [0;39m Ô¶³ÌµØÖ·: 127.0.0.1
31:13.836 [34mINFO [0;39m [34mc.j.t.common.aspect.LogAspect :76  [0;39m http-nio-9091-exec-7 [32m1777897873834i4g  [0;39m ÇëÇó²ÎÊý: [{"carriageIndex":2,"endStation":"ÎäººÕ¾","endTime":21600000,"memberId":1994648397725962240,"passengerId":2003822171247480832,"passengerName":"¹ØÓð","seatCol":"F","seatRow":"10","seatType":"1","startStation":"³É¶¼¶«Õ¾","startTime":0,"trainCode":"GB123","trainDate":1777910400000}]
31:13.838 [39mDEBUG[0;39m [34mc.j.t.m.m.TicketMapper.insert :137 [0;39m http-nio-9091-exec-7 [32m1777897873834i4g  [0;39m ==>  Preparing: insert into ticket (id, member_id, passenger_id, passenger_name, train_date, train_code, carriage_index, seat_row, seat_col, start_station, start_time, end_station, end_time, seat_type, create_time, update_time) values (?, ?, ?, ?, ?, ?, ?, ?, ?, ?, ?, ?, ?, ?, ?, ?)
31:13.839 [39mDEBUG[0;39m [34mc.j.t.m.m.TicketMapper.insert :137 [0;39m http-nio-9091-exec-7 [32m1777897873834i4g  [0;39m ==> Parameters: 2051278474286600192(Long), 1994648397725962240(Long), 2003822171247480832(Long), ¹ØÓð(String), 2026-05-05(Date), GB123(String), 2(Integer), 10(String), F(String), ³É¶¼¶«Õ¾(String), 08:00:00(Time), ÎäººÕ¾(String), 14:00:00(Time), 1(String), 2026-05-04 20:31:13.838(Timestamp), 2026-05-04 20:31:13.838(Timestamp)
31:13.844 [39mDEBUG[0;39m [34mc.j.t.m.m.TicketMapper.insert :137 [0;39m http-nio-9091-exec-7 [32m1777897873834i4g  [0;39m <==    Updates: 1
31:13.844 [34mINFO [0;39m [34mc.j.t.common.aspect.LogAspect :88  [0;39m http-nio-9091-exec-7 [32m1777897873834i4g  [0;39m ·µ»Ø½á¹û: {"success":true}
31:13.844 [34mINFO [0;39m [34mc.j.t.common.aspect.LogAspect :89  [0;39m http-nio-9091-exec-7 [32m1777897873834i4g  [0;39m ------------- ½áÊø ºÄÊ±£º8 ms -------------
31:13.889 [34mINFO [0;39m [34mc.j.t.c.i.MemberInterceptor   :26  [0;39m http-nio-9091-exec-8 [32m17778978738892hw  [0;39m MemberInterceptor¿ªÊ¼
31:13.889 [34mINFO [0;39m [34mc.j.t.c.i.MemberInterceptor   :36  [0;39m http-nio-9091-exec-8 [32m17778978738892hw  [0;39m MemberInterceptor½áÊø
31:13.892 [34mINFO [0;39m [34mc.j.t.common.aspect.LogAspect :52  [0;39m http-nio-9091-exec-8 [32m17778978738892hw  [0;39m ------------- ¿ªÊ¼ -------------
31:13.892 [34mINFO [0;39m [34mc.j.t.common.aspect.LogAspect :53  [0;39m http-nio-9091-exec-8 [32m17778978738892hw  [0;39m ÇëÇóµØÖ·: http://127.0.0.1:9091/member/feign/ticket/save POST
31:13.892 [34mINFO [0;39m [34mc.j.t.common.aspect.LogAspect :54  [0;39m http-nio-9091-exec-8 [32m17778978738892hw  [0;39m ÀàÃû·½·¨: com.jiawa.train.member.controller.feign.FeignTicketController.save
31:13.893 [34mINFO [0;39m [34mc.j.t.common.aspect.LogAspect :55  [0;39m http-nio-9091-exec-8 [32m17778978738892hw  [0;39m Ô¶³ÌµØÖ·: 127.0.0.1
31:13.893 [34mINFO [0;39m [34mc.j.t.common.aspect.LogAspect :76  [0;39m http-nio-9091-exec-8 [32m17778978738892hw  [0;39m ÇëÇó²ÎÊý: [{"carriageIndex":1,"endStation":"ÎäººÕ¾","endTime":21600000,"memberId":1994648397725962240,"passengerId":2003822171247480832,"passengerName":"¹ØÓð","seatCol":"A","seatRow":"04","seatType":"1","startStation":"³É¶¼¶«Õ¾","startTime":0,"trainCode":"GB123","trainDate":1777910400000}]
31:13.894 [39mDEBUG[0;39m [34mc.j.t.m.m.TicketMapper.insert :137 [0;39m http-nio-9091-exec-8 [32m17778978738892hw  [0;39m ==>  Preparing: insert into ticket (id, member_id, passenger_id, passenger_name, train_date, train_code, carriage_index, seat_row, seat_col, start_station, start_time, end_station, end_time, seat_type, create_time, update_time) values (?, ?, ?, ?, ?, ?, ?, ?, ?, ?, ?, ?, ?, ?, ?, ?)
31:13.895 [39mDEBUG[0;39m [34mc.j.t.m.m.TicketMapper.insert :137 [0;39m http-nio-9091-exec-8 [32m17778978738892hw  [0;39m ==> Parameters: 2051278474517286912(Long), 1994648397725962240(Long), 2003822171247480832(Long), ¹ØÓð(String), 2026-05-05(Date), GB123(String), 1(Integer), 04(String), A(String), ³É¶¼¶«Õ¾(String), 08:00:00(Time), ÎäººÕ¾(String), 14:00:00(Time), 1(String), 2026-05-04 20:31:13.893(Timestamp), 2026-05-04 20:31:13.893(Timestamp)
31:13.899 [39mDEBUG[0;39m [34mc.j.t.m.m.TicketMapper.insert :137 [0;39m http-nio-9091-exec-8 [32m17778978738892hw  [0;39m <==    Updates: 1
31:13.899 [34mINFO [0;39m [34mc.j.t.common.aspect.LogAspect :88  [0;39m http-nio-9091-exec-8 [32m17778978738892hw  [0;39m ·µ»Ø½á¹û: {"success":true}
31:13.899 [34mINFO [0;39m [34mc.j.t.common.aspect.LogAspect :89  [0;39m http-nio-9091-exec-8 [32m17778978738892hw  [0;39m ------------- ½áÊø ºÄÊ±£º7 ms -------------
31:13.938 [34mINFO [0;39m [34mc.j.t.c.i.MemberInterceptor   :26  [0;39m http-nio-9091-exec-9 [32m1777897873938u95  [0;39m MemberInterceptor¿ªÊ¼
31:13.938 [34mINFO [0;39m [34mc.j.t.c.i.MemberInterceptor   :36  [0;39m http-nio-9091-exec-9 [32m1777897873938u95  [0;39m MemberInterceptor½áÊø
31:13.939 [34mINFO [0;39m [34mc.j.t.common.aspect.LogAspect :52  [0;39m http-nio-9091-exec-9 [32m1777897873938u95  [0;39m ------------- ¿ªÊ¼ -------------
31:13.939 [34mINFO [0;39m [34mc.j.t.common.aspect.LogAspect :53  [0;39m http-nio-9091-exec-9 [32m1777897873938u95  [0;39m ÇëÇóµØÖ·: http://127.0.0.1:9091/member/feign/ticket/save POST
31:13.939 [34mINFO [0;39m [34mc.j.t.common.aspect.LogAspect :54  [0;39m http-nio-9091-exec-9 [32m1777897873938u95  [0;39m ÀàÃû·½·¨: com.jiawa.train.member.controller.feign.FeignTicketController.save
31:13.939 [34mINFO [0;39m [34mc.j.t.common.aspect.LogAspect :55  [0;39m http-nio-9091-exec-9 [32m1777897873938u95  [0;39m Ô¶³ÌµØÖ·: 127.0.0.1
31:13.941 [34mINFO [0;39m [34mc.j.t.common.aspect.LogAspect :76  [0;39m http-nio-9091-exec-9 [32m1777897873938u95  [0;39m ÇëÇó²ÎÊý: [{"carriageIndex":2,"endStation":"ÎäººÕ¾","endTime":21600000,"memberId":1994648397725962240,"passengerId":2003822171247480832,"passengerName":"¹ØÓð","seatCol":"A","seatRow":"08","seatType":"1","startStation":"³É¶¼¶«Õ¾","startTime":0,"trainCode":"GB123","trainDate":1777910400000}]
31:13.941 [39mDEBUG[0;39m [34mc.j.t.m.m.TicketMapper.insert :137 [0;39m http-nio-9091-exec-9 [32m1777897873938u95  [0;39m ==>  Preparing: insert into ticket (id, member_id, passenger_id, passenger_name, train_date, train_code, carriage_index, seat_row, seat_col, start_station, start_time, end_station, end_time, seat_type, create_time, update_time) values (?, ?, ?, ?, ?, ?, ?, ?, ?, ?, ?, ?, ?, ?, ?, ?)
31:13.942 [39mDEBUG[0;39m [34mc.j.t.m.m.TicketMapper.insert :137 [0;39m http-nio-9091-exec-9 [32m1777897873938u95  [0;39m ==> Parameters: 2051278474718613504(Long), 1994648397725962240(Long), 2003822171247480832(Long), ¹ØÓð(String), 2026-05-05(Date), GB123(String), 2(Integer), 08(String), A(String), ³É¶¼¶«Õ¾(String), 08:00:00(Time), ÎäººÕ¾(String), 14:00:00(Time), 1(String), 2026-05-04 20:31:13.941(Timestamp), 2026-05-04 20:31:13.941(Timestamp)
31:13.946 [39mDEBUG[0;39m [34mc.j.t.m.m.TicketMapper.insert :137 [0;39m http-nio-9091-exec-9 [32m1777897873938u95  [0;39m <==    Updates: 1
31:13.947 [34mINFO [0;39m [34mc.j.t.common.aspect.LogAspect :88  [0;39m http-nio-9091-exec-9 [32m1777897873938u95  [0;39m ·µ»Ø½á¹û: {"success":true}
31:13.948 [34mINFO [0;39m [34mc.j.t.common.aspect.LogAspect :89  [0;39m http-nio-9091-exec-9 [32m1777897873938u95  [0;39m ------------- ½áÊø ºÄÊ±£º9 ms -------------
31:13.993 [34mINFO [0;39m [34mc.j.t.c.i.MemberInterceptor   :26  [0;39m http-nio-9091-exec-10 [32m1777897873993jei  [0;39m MemberInterceptor¿ªÊ¼
31:13.994 [34mINFO [0;39m [34mc.j.t.c.i.MemberInterceptor   :36  [0;39m http-nio-9091-exec-10 [32m1777897873993jei  [0;39m MemberInterceptor½áÊø
31:13.995 [34mINFO [0;39m [34mc.j.t.common.aspect.LogAspect :52  [0;39m http-nio-9091-exec-10 [32m1777897873993jei  [0;39m ------------- ¿ªÊ¼ -------------
31:13.996 [34mINFO [0;39m [34mc.j.t.common.aspect.LogAspect :53  [0;39m http-nio-9091-exec-10 [32m1777897873993jei  [0;39m ÇëÇóµØÖ·: http://127.0.0.1:9091/member/feign/ticket/save POST
31:13.996 [34mINFO [0;39m [34mc.j.t.common.aspect.LogAspect :54  [0;39m http-nio-9091-exec-10 [32m1777897873993jei  [0;39m ÀàÃû·½·¨: com.jiawa.train.member.controller.feign.FeignTicketController.save
31:13.996 [34mINFO [0;39m [34mc.j.t.common.aspect.LogAspect :55  [0;39m http-nio-9091-exec-10 [32m1777897873993jei  [0;39m Ô¶³ÌµØÖ·: 127.0.0.1
31:13.996 [34mINFO [0;39m [34mc.j.t.common.aspect.LogAspect :76  [0;39m http-nio-9091-exec-10 [32m1777897873993jei  [0;39m ÇëÇó²ÎÊý: [{"carriageIndex":1,"endStation":"ÎäººÕ¾","endTime":21600000,"memberId":1994648397725962240,"passengerId":2003822171247480832,"passengerName":"¹ØÓð","seatCol":"A","seatRow":"02","seatType":"1","startStation":"³É¶¼¶«Õ¾","startTime":0,"trainCode":"GB123","trainDate":1777910400000}]
31:13.996 [39mDEBUG[0;39m [34mc.j.t.m.m.TicketMapper.insert :137 [0;39m http-nio-9091-exec-10 [32m1777897873993jei  [0;39m ==>  Preparing: insert into ticket (id, member_id, passenger_id, passenger_name, train_date, train_code, carriage_index, seat_row, seat_col, start_station, start_time, end_station, end_time, seat_type, create_time, update_time) values (?, ?, ?, ?, ?, ?, ?, ?, ?, ?, ?, ?, ?, ?, ?, ?)
31:13.998 [39mDEBUG[0;39m [34mc.j.t.m.m.TicketMapper.insert :137 [0;39m http-nio-9091-exec-10 [32m1777897873993jei  [0;39m ==> Parameters: 2051278474949300224(Long), 1994648397725962240(Long), 2003822171247480832(Long), ¹ØÓð(String), 2026-05-05(Date), GB123(String), 1(Integer), 02(String), A(String), ³É¶¼¶«Õ¾(String), 08:00:00(Time), ÎäººÕ¾(String), 14:00:00(Time), 1(String), 2026-05-04 20:31:13.996(Timestamp), 2026-05-04 20:31:13.996(Timestamp)
31:14.002 [39mDEBUG[0;39m [34mc.j.t.m.m.TicketMapper.insert :137 [0;39m http-nio-9091-exec-10 [32m1777897873993jei  [0;39m <==    Updates: 1
31:14.003 [34mINFO [0;39m [34mc.j.t.common.aspect.LogAspect :88  [0;39m http-nio-9091-exec-10 [32m1777897873993jei  [0;39m ·µ»Ø½á¹û: {"success":true}
31:14.003 [34mINFO [0;39m [34mc.j.t.common.aspect.LogAspect :89  [0;39m http-nio-9091-exec-10 [32m1777897873993jei  [0;39m ------------- ½áÊø ºÄÊ±£º8 ms -------------
31:14.039 [34mINFO [0;39m [34mc.j.t.c.i.MemberInterceptor   :26  [0;39m http-nio-9091-exec-1 [32m17778978740394ra  [0;39m MemberInterceptor¿ªÊ¼
31:14.040 [34mINFO [0;39m [34mc.j.t.c.i.MemberInterceptor   :36  [0;39m http-nio-9091-exec-1 [32m17778978740394ra  [0;39m MemberInterceptor½áÊø
31:14.041 [34mINFO [0;39m [34mc.j.t.common.aspect.LogAspect :52  [0;39m http-nio-9091-exec-1 [32m17778978740394ra  [0;39m ------------- ¿ªÊ¼ -------------
31:14.041 [34mINFO [0;39m [34mc.j.t.common.aspect.LogAspect :53  [0;39m http-nio-9091-exec-1 [32m17778978740394ra  [0;39m ÇëÇóµØÖ·: http://127.0.0.1:9091/member/feign/ticket/save POST
31:14.041 [34mINFO [0;39m [34mc.j.t.common.aspect.LogAspect :54  [0;39m http-nio-9091-exec-1 [32m17778978740394ra  [0;39m ÀàÃû·½·¨: com.jiawa.train.member.controller.feign.FeignTicketController.save
31:14.041 [34mINFO [0;39m [34mc.j.t.common.aspect.LogAspect :55  [0;39m http-nio-9091-exec-1 [32m17778978740394ra  [0;39m Ô¶³ÌµØÖ·: 127.0.0.1
31:14.042 [34mINFO [0;39m [34mc.j.t.common.aspect.LogAspect :76  [0;39m http-nio-9091-exec-1 [32m17778978740394ra  [0;39m ÇëÇó²ÎÊý: [{"carriageIndex":2,"endStation":"ÎäººÕ¾","endTime":21600000,"memberId":1994648397725962240,"passengerId":2003822171247480832,"passengerName":"¹ØÓð","seatCol":"F","seatRow":"06","seatType":"1","startStation":"³É¶¼¶«Õ¾","startTime":0,"trainCode":"GB123","trainDate":1777910400000}]
31:14.042 [39mDEBUG[0;39m [34mc.j.t.m.m.TicketMapper.insert :137 [0;39m http-nio-9091-exec-1 [32m17778978740394ra  [0;39m ==>  Preparing: insert into ticket (id, member_id, passenger_id, passenger_name, train_date, train_code, carriage_index, seat_row, seat_col, start_station, start_time, end_station, end_time, seat_type, create_time, update_time) values (?, ?, ?, ?, ?, ?, ?, ?, ?, ?, ?, ?, ?, ?, ?, ?)
31:14.043 [39mDEBUG[0;39m [34mc.j.t.m.m.TicketMapper.insert :137 [0;39m http-nio-9091-exec-1 [32m17778978740394ra  [0;39m ==> Parameters: 2051278475142238208(Long), 1994648397725962240(Long), 2003822171247480832(Long), ¹ØÓð(String), 2026-05-05(Date), GB123(String), 2(Integer), 06(String), F(String), ³É¶¼¶«Õ¾(String), 08:00:00(Time), ÎäººÕ¾(String), 14:00:00(Time), 1(String), 2026-05-04 20:31:14.042(Timestamp), 2026-05-04 20:31:14.042(Timestamp)
31:14.047 [39mDEBUG[0;39m [34mc.j.t.m.m.TicketMapper.insert :137 [0;39m http-nio-9091-exec-1 [32m17778978740394ra  [0;39m <==    Updates: 1
31:14.048 [34mINFO [0;39m [34mc.j.t.common.aspect.LogAspect :88  [0;39m http-nio-9091-exec-1 [32m17778978740394ra  [0;39m ·µ»Ø½á¹û: {"success":true}
31:14.048 [34mINFO [0;39m [34mc.j.t.common.aspect.LogAspect :89  [0;39m http-nio-9091-exec-1 [32m17778978740394ra  [0;39m ------------- ½áÊø ºÄÊ±£º7 ms -------------
31:14.092 [34mINFO [0;39m [34mc.j.t.c.i.MemberInterceptor   :26  [0;39m http-nio-9091-exec-2 [32m1777897874092chv  [0;39m MemberInterceptor¿ªÊ¼
31:14.093 [34mINFO [0;39m [34mc.j.t.c.i.MemberInterceptor   :36  [0;39m http-nio-9091-exec-2 [32m1777897874092chv  [0;39m MemberInterceptor½áÊø
31:14.094 [34mINFO [0;39m [34mc.j.t.common.aspect.LogAspect :52  [0;39m http-nio-9091-exec-2 [32m1777897874092chv  [0;39m ------------- ¿ªÊ¼ -------------
31:14.095 [34mINFO [0;39m [34mc.j.t.common.aspect.LogAspect :53  [0;39m http-nio-9091-exec-2 [32m1777897874092chv  [0;39m ÇëÇóµØÖ·: http://127.0.0.1:9091/member/feign/ticket/save POST
31:14.095 [34mINFO [0;39m [34mc.j.t.common.aspect.LogAspect :54  [0;39m http-nio-9091-exec-2 [32m1777897874092chv  [0;39m ÀàÃû·½·¨: com.jiawa.train.member.controller.feign.FeignTicketController.save
31:14.095 [34mINFO [0;39m [34mc.j.t.common.aspect.LogAspect :55  [0;39m http-nio-9091-exec-2 [32m1777897874092chv  [0;39m Ô¶³ÌµØÖ·: 127.0.0.1
31:14.095 [34mINFO [0;39m [34mc.j.t.common.aspect.LogAspect :76  [0;39m http-nio-9091-exec-2 [32m1777897874092chv  [0;39m ÇëÇó²ÎÊý: [{"carriageIndex":1,"endStation":"ÎäººÕ¾","endTime":21600000,"memberId":1994648397725962240,"passengerId":2003822171247480832,"passengerName":"¹ØÓð","seatCol":"A","seatRow":"03","seatType":"1","startStation":"³É¶¼¶«Õ¾","startTime":0,"trainCode":"GB123","trainDate":1777910400000}]
31:14.096 [39mDEBUG[0;39m [34mc.j.t.m.m.TicketMapper.insert :137 [0;39m http-nio-9091-exec-2 [32m1777897874092chv  [0;39m ==>  Preparing: insert into ticket (id, member_id, passenger_id, passenger_name, train_date, train_code, carriage_index, seat_row, seat_col, start_station, start_time, end_station, end_time, seat_type, create_time, update_time) values (?, ?, ?, ?, ?, ?, ?, ?, ?, ?, ?, ?, ?, ?, ?, ?)
31:14.098 [39mDEBUG[0;39m [34mc.j.t.m.m.TicketMapper.insert :137 [0;39m http-nio-9091-exec-2 [32m1777897874092chv  [0;39m ==> Parameters: 2051278475368730624(Long), 1994648397725962240(Long), 2003822171247480832(Long), ¹ØÓð(String), 2026-05-05(Date), GB123(String), 1(Integer), 03(String), A(String), ³É¶¼¶«Õ¾(String), 08:00:00(Time), ÎäººÕ¾(String), 14:00:00(Time), 1(String), 2026-05-04 20:31:14.096(Timestamp), 2026-05-04 20:31:14.096(Timestamp)
31:14.105 [39mDEBUG[0;39m [34mc.j.t.m.m.TicketMapper.insert :137 [0;39m http-nio-9091-exec-2 [32m1777897874092chv  [0;39m <==    Updates: 1
31:14.106 [34mINFO [0;39m [34mc.j.t.common.aspect.LogAspect :88  [0;39m http-nio-9091-exec-2 [32m1777897874092chv  [0;39m ·µ»Ø½á¹û: {"success":true}
31:14.106 [34mINFO [0;39m [34mc.j.t.common.aspect.LogAspect :89  [0;39m http-nio-9091-exec-2 [32m1777897874092chv  [0;39m ------------- ½áÊø ºÄÊ±£º12 ms -------------
31:14.146 [34mINFO [0;39m [34mc.j.t.c.i.MemberInterceptor   :26  [0;39m http-nio-9091-exec-3 [32m1777897874146q9c  [0;39m MemberInterceptor¿ªÊ¼
31:14.146 [34mINFO [0;39m [34mc.j.t.c.i.MemberInterceptor   :36  [0;39m http-nio-9091-exec-3 [32m1777897874146q9c  [0;39m MemberInterceptor½áÊø
31:14.147 [34mINFO [0;39m [34mc.j.t.common.aspect.LogAspect :52  [0;39m http-nio-9091-exec-3 [32m1777897874146q9c  [0;39m ------------- ¿ªÊ¼ -------------
31:14.147 [34mINFO [0;39m [34mc.j.t.common.aspect.LogAspect :53  [0;39m http-nio-9091-exec-3 [32m1777897874146q9c  [0;39m ÇëÇóµØÖ·: http://127.0.0.1:9091/member/feign/ticket/save POST
31:14.148 [34mINFO [0;39m [34mc.j.t.common.aspect.LogAspect :54  [0;39m http-nio-9091-exec-3 [32m1777897874146q9c  [0;39m ÀàÃû·½·¨: com.jiawa.train.member.controller.feign.FeignTicketController.save
31:14.148 [34mINFO [0;39m [34mc.j.t.common.aspect.LogAspect :55  [0;39m http-nio-9091-exec-3 [32m1777897874146q9c  [0;39m Ô¶³ÌµØÖ·: 127.0.0.1
31:14.148 [34mINFO [0;39m [34mc.j.t.common.aspect.LogAspect :76  [0;39m http-nio-9091-exec-3 [32m1777897874146q9c  [0;39m ÇëÇó²ÎÊý: [{"carriageIndex":1,"endStation":"ÎäººÕ¾","endTime":21600000,"memberId":1994648397725962240,"passengerId":2003822171247480832,"passengerName":"¹ØÓð","seatCol":"A","seatRow":"07","seatType":"1","startStation":"³É¶¼¶«Õ¾","startTime":0,"trainCode":"GB123","trainDate":1777910400000}]
31:14.150 [39mDEBUG[0;39m [34mc.j.t.m.m.TicketMapper.insert :137 [0;39m http-nio-9091-exec-3 [32m1777897874146q9c  [0;39m ==>  Preparing: insert into ticket (id, member_id, passenger_id, passenger_name, train_date, train_code, carriage_index, seat_row, seat_col, start_station, start_time, end_station, end_time, seat_type, create_time, update_time) values (?, ?, ?, ?, ?, ?, ?, ?, ?, ?, ?, ?, ?, ?, ?, ?)
31:14.151 [39mDEBUG[0;39m [34mc.j.t.m.m.TicketMapper.insert :137 [0;39m http-nio-9091-exec-3 [32m1777897874146q9c  [0;39m ==> Parameters: 2051278475591028736(Long), 1994648397725962240(Long), 2003822171247480832(Long), ¹ØÓð(String), 2026-05-05(Date), GB123(String), 1(Integer), 07(String), A(String), ³É¶¼¶«Õ¾(String), 08:00:00(Time), ÎäººÕ¾(String), 14:00:00(Time), 1(String), 2026-05-04 20:31:14.149(Timestamp), 2026-05-04 20:31:14.149(Timestamp)
31:14.156 [39mDEBUG[0;39m [34mc.j.t.m.m.TicketMapper.insert :137 [0;39m http-nio-9091-exec-3 [32m1777897874146q9c  [0;39m <==    Updates: 1
31:14.158 [34mINFO [0;39m [34mc.j.t.common.aspect.LogAspect :88  [0;39m http-nio-9091-exec-3 [32m1777897874146q9c  [0;39m ·µ»Ø½á¹û: {"success":true}
31:14.158 [34mINFO [0;39m [34mc.j.t.common.aspect.LogAspect :89  [0;39m http-nio-9091-exec-3 [32m1777897874146q9c  [0;39m ------------- ½áÊø ºÄÊ±£º11 ms -------------
31:14.190 [34mINFO [0;39m [34mc.j.t.c.i.MemberInterceptor   :26  [0;39m http-nio-9091-exec-4 [32m1777897874190lqf  [0;39m MemberInterceptor¿ªÊ¼
31:14.191 [34mINFO [0;39m [34mc.j.t.c.i.MemberInterceptor   :36  [0;39m http-nio-9091-exec-4 [32m1777897874190lqf  [0;39m MemberInterceptor½áÊø
31:14.192 [34mINFO [0;39m [34mc.j.t.common.aspect.LogAspect :52  [0;39m http-nio-9091-exec-4 [32m1777897874190lqf  [0;39m ------------- ¿ªÊ¼ -------------
31:14.192 [34mINFO [0;39m [34mc.j.t.common.aspect.LogAspect :53  [0;39m http-nio-9091-exec-4 [32m1777897874190lqf  [0;39m ÇëÇóµØÖ·: http://127.0.0.1:9091/member/feign/ticket/save POST
31:14.193 [34mINFO [0;39m [34mc.j.t.common.aspect.LogAspect :54  [0;39m http-nio-9091-exec-4 [32m1777897874190lqf  [0;39m ÀàÃû·½·¨: com.jiawa.train.member.controller.feign.FeignTicketController.save
31:14.193 [34mINFO [0;39m [34mc.j.t.common.aspect.LogAspect :55  [0;39m http-nio-9091-exec-4 [32m1777897874190lqf  [0;39m Ô¶³ÌµØÖ·: 127.0.0.1
31:14.193 [34mINFO [0;39m [34mc.j.t.common.aspect.LogAspect :76  [0;39m http-nio-9091-exec-4 [32m1777897874190lqf  [0;39m ÇëÇó²ÎÊý: [{"carriageIndex":2,"endStation":"ÎäººÕ¾","endTime":21600000,"memberId":1994648397725962240,"passengerId":2003822171247480832,"passengerName":"¹ØÓð","seatCol":"F","seatRow":"08","seatType":"1","startStation":"³É¶¼¶«Õ¾","startTime":0,"trainCode":"GB123","trainDate":1777910400000}]
31:14.194 [39mDEBUG[0;39m [34mc.j.t.m.m.TicketMapper.insert :137 [0;39m http-nio-9091-exec-4 [32m1777897874190lqf  [0;39m ==>  Preparing: insert into ticket (id, member_id, passenger_id, passenger_name, train_date, train_code, carriage_index, seat_row, seat_col, start_station, start_time, end_station, end_time, seat_type, create_time, update_time) values (?, ?, ?, ?, ?, ?, ?, ?, ?, ?, ?, ?, ?, ?, ?, ?)
31:14.198 [39mDEBUG[0;39m [34mc.j.t.m.m.TicketMapper.insert :137 [0;39m http-nio-9091-exec-4 [32m1777897874190lqf  [0;39m ==> Parameters: 2051278475779772416(Long), 1994648397725962240(Long), 2003822171247480832(Long), ¹ØÓð(String), 2026-05-05(Date), GB123(String), 2(Integer), 08(String), F(String), ³É¶¼¶«Õ¾(String), 08:00:00(Time), ÎäººÕ¾(String), 14:00:00(Time), 1(String), 2026-05-04 20:31:14.193(Timestamp), 2026-05-04 20:31:14.193(Timestamp)
31:14.204 [39mDEBUG[0;39m [34mc.j.t.m.m.TicketMapper.insert :137 [0;39m http-nio-9091-exec-4 [32m1777897874190lqf  [0;39m <==    Updates: 1
31:14.205 [34mINFO [0;39m [34mc.j.t.common.aspect.LogAspect :88  [0;39m http-nio-9091-exec-4 [32m1777897874190lqf  [0;39m ·µ»Ø½á¹û: {"success":true}
31:14.205 [34mINFO [0;39m [34mc.j.t.common.aspect.LogAspect :89  [0;39m http-nio-9091-exec-4 [32m1777897874190lqf  [0;39m ------------- ½áÊø ºÄÊ±£º13 ms -------------
31:14.238 [34mINFO [0;39m [34mc.j.t.c.i.MemberInterceptor   :26  [0;39m http-nio-9091-exec-5 [32m1777897874238he9  [0;39m MemberInterceptor¿ªÊ¼
31:14.238 [34mINFO [0;39m [34mc.j.t.c.i.MemberInterceptor   :36  [0;39m http-nio-9091-exec-5 [32m1777897874238he9  [0;39m MemberInterceptor½áÊø
31:14.239 [34mINFO [0;39m [34mc.j.t.common.aspect.LogAspect :52  [0;39m http-nio-9091-exec-5 [32m1777897874238he9  [0;39m ------------- ¿ªÊ¼ -------------
31:14.239 [34mINFO [0;39m [34mc.j.t.common.aspect.LogAspect :53  [0;39m http-nio-9091-exec-5 [32m1777897874238he9  [0;39m ÇëÇóµØÖ·: http://127.0.0.1:9091/member/feign/ticket/save POST
31:14.239 [34mINFO [0;39m [34mc.j.t.common.aspect.LogAspect :54  [0;39m http-nio-9091-exec-5 [32m1777897874238he9  [0;39m ÀàÃû·½·¨: com.jiawa.train.member.controller.feign.FeignTicketController.save
31:14.240 [34mINFO [0;39m [34mc.j.t.common.aspect.LogAspect :55  [0;39m http-nio-9091-exec-5 [32m1777897874238he9  [0;39m Ô¶³ÌµØÖ·: 127.0.0.1
31:14.240 [34mINFO [0;39m [34mc.j.t.common.aspect.LogAspect :76  [0;39m http-nio-9091-exec-5 [32m1777897874238he9  [0;39m ÇëÇó²ÎÊý: [{"carriageIndex":1,"endStation":"ÎäººÕ¾","endTime":21600000,"memberId":1994648397725962240,"passengerId":2003822171247480832,"passengerName":"¹ØÓð","seatCol":"F","seatRow":"08","seatType":"1","startStation":"³É¶¼¶«Õ¾","startTime":0,"trainCode":"GB123","trainDate":1777910400000}]
31:14.240 [39mDEBUG[0;39m [34mc.j.t.m.m.TicketMapper.insert :137 [0;39m http-nio-9091-exec-5 [32m1777897874238he9  [0;39m ==>  Preparing: insert into ticket (id, member_id, passenger_id, passenger_name, train_date, train_code, carriage_index, seat_row, seat_col, start_station, start_time, end_station, end_time, seat_type, create_time, update_time) values (?, ?, ?, ?, ?, ?, ?, ?, ?, ?, ?, ?, ?, ?, ?, ?)
31:14.242 [39mDEBUG[0;39m [34mc.j.t.m.m.TicketMapper.insert :137 [0;39m http-nio-9091-exec-5 [32m1777897874238he9  [0;39m ==> Parameters: 2051278475972710400(Long), 1994648397725962240(Long), 2003822171247480832(Long), ¹ØÓð(String), 2026-05-05(Date), GB123(String), 1(Integer), 08(String), F(String), ³É¶¼¶«Õ¾(String), 08:00:00(Time), ÎäººÕ¾(String), 14:00:00(Time), 1(String), 2026-05-04 20:31:14.24(Timestamp), 2026-05-04 20:31:14.24(Timestamp)
31:14.245 [39mDEBUG[0;39m [34mc.j.t.m.m.TicketMapper.insert :137 [0;39m http-nio-9091-exec-5 [32m1777897874238he9  [0;39m <==    Updates: 1
31:14.245 [34mINFO [0;39m [34mc.j.t.common.aspect.LogAspect :88  [0;39m http-nio-9091-exec-5 [32m1777897874238he9  [0;39m ·µ»Ø½á¹û: {"success":true}
31:14.245 [34mINFO [0;39m [34mc.j.t.common.aspect.LogAspect :89  [0;39m http-nio-9091-exec-5 [32m1777897874238he9  [0;39m ------------- ½áÊø ºÄÊ±£º6 ms -------------
31:14.273 [34mINFO [0;39m [34mc.j.t.c.i.MemberInterceptor   :26  [0;39m http-nio-9091-exec-6 [32m1777897874273nv0  [0;39m MemberInterceptor¿ªÊ¼
31:14.273 [34mINFO [0;39m [34mc.j.t.c.i.MemberInterceptor   :36  [0;39m http-nio-9091-exec-6 [32m1777897874273nv0  [0;39m MemberInterceptor½áÊø
31:14.275 [34mINFO [0;39m [34mc.j.t.common.aspect.LogAspect :52  [0;39m http-nio-9091-exec-6 [32m1777897874273nv0  [0;39m ------------- ¿ªÊ¼ -------------
31:14.275 [34mINFO [0;39m [34mc.j.t.common.aspect.LogAspect :53  [0;39m http-nio-9091-exec-6 [32m1777897874273nv0  [0;39m ÇëÇóµØÖ·: http://127.0.0.1:9091/member/feign/ticket/save POST
31:14.275 [34mINFO [0;39m [34mc.j.t.common.aspect.LogAspect :54  [0;39m http-nio-9091-exec-6 [32m1777897874273nv0  [0;39m ÀàÃû·½·¨: com.jiawa.train.member.controller.feign.FeignTicketController.save
31:14.275 [34mINFO [0;39m [34mc.j.t.common.aspect.LogAspect :55  [0;39m http-nio-9091-exec-6 [32m1777897874273nv0  [0;39m Ô¶³ÌµØÖ·: 127.0.0.1
31:14.276 [34mINFO [0;39m [34mc.j.t.common.aspect.LogAspect :76  [0;39m http-nio-9091-exec-6 [32m1777897874273nv0  [0;39m ÇëÇó²ÎÊý: [{"carriageIndex":2,"endStation":"ÎäººÕ¾","endTime":21600000,"memberId":1994648397725962240,"passengerId":2003822171247480832,"passengerName":"¹ØÓð","seatCol":"A","seatRow":"10","seatType":"1","startStation":"³É¶¼¶«Õ¾","startTime":0,"trainCode":"GB123","trainDate":1777910400000}]
31:14.276 [39mDEBUG[0;39m [34mc.j.t.m.m.TicketMapper.insert :137 [0;39m http-nio-9091-exec-6 [32m1777897874273nv0  [0;39m ==>  Preparing: insert into ticket (id, member_id, passenger_id, passenger_name, train_date, train_code, carriage_index, seat_row, seat_col, start_station, start_time, end_station, end_time, seat_type, create_time, update_time) values (?, ?, ?, ?, ?, ?, ?, ?, ?, ?, ?, ?, ?, ?, ?, ?)
31:14.277 [39mDEBUG[0;39m [34mc.j.t.m.m.TicketMapper.insert :137 [0;39m http-nio-9091-exec-6 [32m1777897874273nv0  [0;39m ==> Parameters: 2051278476123705344(Long), 1994648397725962240(Long), 2003822171247480832(Long), ¹ØÓð(String), 2026-05-05(Date), GB123(String), 2(Integer), 10(String), A(String), ³É¶¼¶«Õ¾(String), 08:00:00(Time), ÎäººÕ¾(String), 14:00:00(Time), 1(String), 2026-05-04 20:31:14.276(Timestamp), 2026-05-04 20:31:14.276(Timestamp)
31:14.281 [39mDEBUG[0;39m [34mc.j.t.m.m.TicketMapper.insert :137 [0;39m http-nio-9091-exec-6 [32m1777897874273nv0  [0;39m <==    Updates: 1
31:14.281 [34mINFO [0;39m [34mc.j.t.common.aspect.LogAspect :88  [0;39m http-nio-9091-exec-6 [32m1777897874273nv0  [0;39m ·µ»Ø½á¹û: {"success":true}
31:14.281 [34mINFO [0;39m [34mc.j.t.common.aspect.LogAspect :89  [0;39m http-nio-9091-exec-6 [32m1777897874273nv0  [0;39m ------------- ½áÊø ºÄÊ±£º6 ms -------------
31:14.321 [34mINFO [0;39m [34mc.j.t.c.i.MemberInterceptor   :26  [0;39m http-nio-9091-exec-7 [32m1777897874321ple  [0;39m MemberInterceptor¿ªÊ¼
31:14.322 [34mINFO [0;39m [34mc.j.t.c.i.MemberInterceptor   :36  [0;39m http-nio-9091-exec-7 [32m1777897874321ple  [0;39m MemberInterceptor½áÊø
31:14.322 [34mINFO [0;39m [34mc.j.t.common.aspect.LogAspect :52  [0;39m http-nio-9091-exec-7 [32m1777897874321ple  [0;39m ------------- ¿ªÊ¼ -------------
31:14.324 [34mINFO [0;39m [34mc.j.t.common.aspect.LogAspect :53  [0;39m http-nio-9091-exec-7 [32m1777897874321ple  [0;39m ÇëÇóµØÖ·: http://127.0.0.1:9091/member/feign/ticket/save POST
31:14.324 [34mINFO [0;39m [34mc.j.t.common.aspect.LogAspect :54  [0;39m http-nio-9091-exec-7 [32m1777897874321ple  [0;39m ÀàÃû·½·¨: com.jiawa.train.member.controller.feign.FeignTicketController.save
31:14.324 [34mINFO [0;39m [34mc.j.t.common.aspect.LogAspect :55  [0;39m http-nio-9091-exec-7 [32m1777897874321ple  [0;39m Ô¶³ÌµØÖ·: 127.0.0.1
31:14.324 [34mINFO [0;39m [34mc.j.t.common.aspect.LogAspect :76  [0;39m http-nio-9091-exec-7 [32m1777897874321ple  [0;39m ÇëÇó²ÎÊý: [{"carriageIndex":1,"endStation":"ÎäººÕ¾","endTime":21600000,"memberId":1994648397725962240,"passengerId":2003822171247480832,"passengerName":"¹ØÓð","seatCol":"C","seatRow":"01","seatType":"1","startStation":"³É¶¼¶«Õ¾","startTime":0,"trainCode":"GB123","trainDate":1777910400000}]
31:14.325 [39mDEBUG[0;39m [34mc.j.t.m.m.TicketMapper.insert :137 [0;39m http-nio-9091-exec-7 [32m1777897874321ple  [0;39m ==>  Preparing: insert into ticket (id, member_id, passenger_id, passenger_name, train_date, train_code, carriage_index, seat_row, seat_col, start_station, start_time, end_station, end_time, seat_type, create_time, update_time) values (?, ?, ?, ?, ?, ?, ?, ?, ?, ?, ?, ?, ?, ?, ?, ?)
31:14.326 [39mDEBUG[0;39m [34mc.j.t.m.m.TicketMapper.insert :137 [0;39m http-nio-9091-exec-7 [32m1777897874321ple  [0;39m ==> Parameters: 2051278476329226240(Long), 1994648397725962240(Long), 2003822171247480832(Long), ¹ØÓð(String), 2026-05-05(Date), GB123(String), 1(Integer), 01(String), C(String), ³É¶¼¶«Õ¾(String), 08:00:00(Time), ÎäººÕ¾(String), 14:00:00(Time), 1(String), 2026-05-04 20:31:14.325(Timestamp), 2026-05-04 20:31:14.325(Timestamp)
31:14.330 [39mDEBUG[0;39m [34mc.j.t.m.m.TicketMapper.insert :137 [0;39m http-nio-9091-exec-7 [32m1777897874321ple  [0;39m <==    Updates: 1
31:14.330 [34mINFO [0;39m [34mc.j.t.common.aspect.LogAspect :88  [0;39m http-nio-9091-exec-7 [32m1777897874321ple  [0;39m ·µ»Ø½á¹û: {"success":true}
31:14.331 [34mINFO [0;39m [34mc.j.t.common.aspect.LogAspect :89  [0;39m http-nio-9091-exec-7 [32m1777897874321ple  [0;39m ------------- ½áÊø ºÄÊ±£º9 ms -------------
31:14.365 [34mINFO [0;39m [34mc.j.t.c.i.MemberInterceptor   :26  [0;39m http-nio-9091-exec-8 [32m1777897874365y82  [0;39m MemberInterceptor¿ªÊ¼
31:14.365 [34mINFO [0;39m [34mc.j.t.c.i.MemberInterceptor   :36  [0;39m http-nio-9091-exec-8 [32m1777897874365y82  [0;39m MemberInterceptor½áÊø
31:14.366 [34mINFO [0;39m [34mc.j.t.common.aspect.LogAspect :52  [0;39m http-nio-9091-exec-8 [32m1777897874365y82  [0;39m ------------- ¿ªÊ¼ -------------
31:14.367 [34mINFO [0;39m [34mc.j.t.common.aspect.LogAspect :53  [0;39m http-nio-9091-exec-8 [32m1777897874365y82  [0;39m ÇëÇóµØÖ·: http://127.0.0.1:9091/member/feign/ticket/save POST
31:14.367 [34mINFO [0;39m [34mc.j.t.common.aspect.LogAspect :54  [0;39m http-nio-9091-exec-8 [32m1777897874365y82  [0;39m ÀàÃû·½·¨: com.jiawa.train.member.controller.feign.FeignTicketController.save
31:14.367 [34mINFO [0;39m [34mc.j.t.common.aspect.LogAspect :55  [0;39m http-nio-9091-exec-8 [32m1777897874365y82  [0;39m Ô¶³ÌµØÖ·: 127.0.0.1
31:14.367 [34mINFO [0;39m [34mc.j.t.common.aspect.LogAspect :76  [0;39m http-nio-9091-exec-8 [32m1777897874365y82  [0;39m ÇëÇó²ÎÊý: [{"carriageIndex":1,"endStation":"ÎäººÕ¾","endTime":21600000,"memberId":1994648397725962240,"passengerId":2003822171247480832,"passengerName":"¹ØÓð","seatCol":"F","seatRow":"09","seatType":"1","startStation":"³É¶¼¶«Õ¾","startTime":0,"trainCode":"GB123","trainDate":1777910400000}]
31:14.368 [39mDEBUG[0;39m [34mc.j.t.m.m.TicketMapper.insert :137 [0;39m http-nio-9091-exec-8 [32m1777897874365y82  [0;39m ==>  Preparing: insert into ticket (id, member_id, passenger_id, passenger_name, train_date, train_code, carriage_index, seat_row, seat_col, start_station, start_time, end_station, end_time, seat_type, create_time, update_time) values (?, ?, ?, ?, ?, ?, ?, ?, ?, ?, ?, ?, ?, ?, ?, ?)
31:14.369 [39mDEBUG[0;39m [34mc.j.t.m.m.TicketMapper.insert :137 [0;39m http-nio-9091-exec-8 [32m1777897874365y82  [0;39m ==> Parameters: 2051278476509581312(Long), 1994648397725962240(Long), 2003822171247480832(Long), ¹ØÓð(String), 2026-05-05(Date), GB123(String), 1(Integer), 09(String), F(String), ³É¶¼¶«Õ¾(String), 08:00:00(Time), ÎäººÕ¾(String), 14:00:00(Time), 1(String), 2026-05-04 20:31:14.367(Timestamp), 2026-05-04 20:31:14.367(Timestamp)
31:14.373 [39mDEBUG[0;39m [34mc.j.t.m.m.TicketMapper.insert :137 [0;39m http-nio-9091-exec-8 [32m1777897874365y82  [0;39m <==    Updates: 1
31:14.373 [34mINFO [0;39m [34mc.j.t.common.aspect.LogAspect :88  [0;39m http-nio-9091-exec-8 [32m1777897874365y82  [0;39m ·µ»Ø½á¹û: {"success":true}
31:14.373 [34mINFO [0;39m [34mc.j.t.common.aspect.LogAspect :89  [0;39m http-nio-9091-exec-8 [32m1777897874365y82  [0;39m ------------- ½áÊø ºÄÊ±£º7 ms -------------
31:14.401 [34mINFO [0;39m [34mc.j.t.c.i.MemberInterceptor   :26  [0;39m http-nio-9091-exec-9 [32m1777897874401ad1  [0;39m MemberInterceptor¿ªÊ¼
31:14.401 [34mINFO [0;39m [34mc.j.t.c.i.MemberInterceptor   :36  [0;39m http-nio-9091-exec-9 [32m1777897874401ad1  [0;39m MemberInterceptor½áÊø
31:14.402 [34mINFO [0;39m [34mc.j.t.common.aspect.LogAspect :52  [0;39m http-nio-9091-exec-9 [32m1777897874401ad1  [0;39m ------------- ¿ªÊ¼ -------------
31:14.402 [34mINFO [0;39m [34mc.j.t.common.aspect.LogAspect :53  [0;39m http-nio-9091-exec-9 [32m1777897874401ad1  [0;39m ÇëÇóµØÖ·: http://127.0.0.1:9091/member/feign/ticket/save POST
31:14.402 [34mINFO [0;39m [34mc.j.t.common.aspect.LogAspect :54  [0;39m http-nio-9091-exec-9 [32m1777897874401ad1  [0;39m ÀàÃû·½·¨: com.jiawa.train.member.controller.feign.FeignTicketController.save
31:14.402 [34mINFO [0;39m [34mc.j.t.common.aspect.LogAspect :55  [0;39m http-nio-9091-exec-9 [32m1777897874401ad1  [0;39m Ô¶³ÌµØÖ·: 127.0.0.1
31:14.403 [34mINFO [0;39m [34mc.j.t.common.aspect.LogAspect :76  [0;39m http-nio-9091-exec-9 [32m1777897874401ad1  [0;39m ÇëÇó²ÎÊý: [{"carriageIndex":2,"endStation":"ÎäººÕ¾","endTime":21600000,"memberId":1994648397725962240,"passengerId":2003822171247480832,"passengerName":"¹ØÓð","seatCol":"D","seatRow":"02","seatType":"1","startStation":"³É¶¼¶«Õ¾","startTime":0,"trainCode":"GB123","trainDate":1777910400000}]
31:14.403 [39mDEBUG[0;39m [34mc.j.t.m.m.TicketMapper.insert :137 [0;39m http-nio-9091-exec-9 [32m1777897874401ad1  [0;39m ==>  Preparing: insert into ticket (id, member_id, passenger_id, passenger_name, train_date, train_code, carriage_index, seat_row, seat_col, start_station, start_time, end_station, end_time, seat_type, create_time, update_time) values (?, ?, ?, ?, ?, ?, ?, ?, ?, ?, ?, ?, ?, ?, ?, ?)
31:14.404 [39mDEBUG[0;39m [34mc.j.t.m.m.TicketMapper.insert :137 [0;39m http-nio-9091-exec-9 [32m1777897874401ad1  [0;39m ==> Parameters: 2051278476656381952(Long), 1994648397725962240(Long), 2003822171247480832(Long), ¹ØÓð(String), 2026-05-05(Date), GB123(String), 2(Integer), 02(String), D(String), ³É¶¼¶«Õ¾(String), 08:00:00(Time), ÎäººÕ¾(String), 14:00:00(Time), 1(String), 2026-05-04 20:31:14.403(Timestamp), 2026-05-04 20:31:14.403(Timestamp)
31:14.406 [39mDEBUG[0;39m [34mc.j.t.m.m.TicketMapper.insert :137 [0;39m http-nio-9091-exec-9 [32m1777897874401ad1  [0;39m <==    Updates: 1
31:14.408 [34mINFO [0;39m [34mc.j.t.common.aspect.LogAspect :88  [0;39m http-nio-9091-exec-9 [32m1777897874401ad1  [0;39m ·µ»Ø½á¹û: {"success":true}
31:14.408 [34mINFO [0;39m [34mc.j.t.common.aspect.LogAspect :89  [0;39m http-nio-9091-exec-9 [32m1777897874401ad1  [0;39m ------------- ½áÊø ºÄÊ±£º6 ms -------------
31:14.435 [34mINFO [0;39m [34mc.j.t.c.i.MemberInterceptor   :26  [0;39m http-nio-9091-exec-10 [32m1777897874435zxi  [0;39m MemberInterceptor¿ªÊ¼
31:14.435 [34mINFO [0;39m [34mc.j.t.c.i.MemberInterceptor   :36  [0;39m http-nio-9091-exec-10 [32m1777897874435zxi  [0;39m MemberInterceptor½áÊø
31:14.437 [34mINFO [0;39m [34mc.j.t.common.aspect.LogAspect :52  [0;39m http-nio-9091-exec-10 [32m1777897874435zxi  [0;39m ------------- ¿ªÊ¼ -------------
31:14.437 [34mINFO [0;39m [34mc.j.t.common.aspect.LogAspect :53  [0;39m http-nio-9091-exec-10 [32m1777897874435zxi  [0;39m ÇëÇóµØÖ·: http://127.0.0.1:9091/member/feign/ticket/save POST
31:14.437 [34mINFO [0;39m [34mc.j.t.common.aspect.LogAspect :54  [0;39m http-nio-9091-exec-10 [32m1777897874435zxi  [0;39m ÀàÃû·½·¨: com.jiawa.train.member.controller.feign.FeignTicketController.save
31:14.437 [34mINFO [0;39m [34mc.j.t.common.aspect.LogAspect :55  [0;39m http-nio-9091-exec-10 [32m1777897874435zxi  [0;39m Ô¶³ÌµØÖ·: 127.0.0.1
31:14.438 [34mINFO [0;39m [34mc.j.t.common.aspect.LogAspect :76  [0;39m http-nio-9091-exec-10 [32m1777897874435zxi  [0;39m ÇëÇó²ÎÊý: [{"carriageIndex":1,"endStation":"ÎäººÕ¾","endTime":21600000,"memberId":1994648397725962240,"passengerId":2003822171247480832,"passengerName":"¹ØÓð","seatCol":"F","seatRow":"01","seatType":"1","startStation":"³É¶¼¶«Õ¾","startTime":0,"trainCode":"GB123","trainDate":1777910400000}]
31:14.439 [39mDEBUG[0;39m [34mc.j.t.m.m.TicketMapper.insert :137 [0;39m http-nio-9091-exec-10 [32m1777897874435zxi  [0;39m ==>  Preparing: insert into ticket (id, member_id, passenger_id, passenger_name, train_date, train_code, carriage_index, seat_row, seat_col, start_station, start_time, end_station, end_time, seat_type, create_time, update_time) values (?, ?, ?, ?, ?, ?, ?, ?, ?, ?, ?, ?, ?, ?, ?, ?)
31:14.440 [39mDEBUG[0;39m [34mc.j.t.m.m.TicketMapper.insert :137 [0;39m http-nio-9091-exec-10 [32m1777897874435zxi  [0;39m ==> Parameters: 2051278476807376896(Long), 1994648397725962240(Long), 2003822171247480832(Long), ¹ØÓð(String), 2026-05-05(Date), GB123(String), 1(Integer), 01(String), F(String), ³É¶¼¶«Õ¾(String), 08:00:00(Time), ÎäººÕ¾(String), 14:00:00(Time), 1(String), 2026-05-04 20:31:14.438(Timestamp), 2026-05-04 20:31:14.438(Timestamp)
31:14.442 [39mDEBUG[0;39m [34mc.j.t.m.m.TicketMapper.insert :137 [0;39m http-nio-9091-exec-10 [32m1777897874435zxi  [0;39m <==    Updates: 1
31:14.442 [34mINFO [0;39m [34mc.j.t.common.aspect.LogAspect :88  [0;39m http-nio-9091-exec-10 [32m1777897874435zxi  [0;39m ·µ»Ø½á¹û: {"success":true}
31:14.442 [34mINFO [0;39m [34mc.j.t.common.aspect.LogAspect :89  [0;39m http-nio-9091-exec-10 [32m1777897874435zxi  [0;39m ------------- ½áÊø ºÄÊ±£º5 ms -------------
31:14.469 [34mINFO [0;39m [34mc.j.t.c.i.MemberInterceptor   :26  [0;39m http-nio-9091-exec-1 [32m17778978744699fc  [0;39m MemberInterceptor¿ªÊ¼
31:14.469 [34mINFO [0;39m [34mc.j.t.c.i.MemberInterceptor   :36  [0;39m http-nio-9091-exec-1 [32m17778978744699fc  [0;39m MemberInterceptor½áÊø
31:14.471 [34mINFO [0;39m [34mc.j.t.common.aspect.LogAspect :52  [0;39m http-nio-9091-exec-1 [32m17778978744699fc  [0;39m ------------- ¿ªÊ¼ -------------
31:14.471 [34mINFO [0;39m [34mc.j.t.common.aspect.LogAspect :53  [0;39m http-nio-9091-exec-1 [32m17778978744699fc  [0;39m ÇëÇóµØÖ·: http://127.0.0.1:9091/member/feign/ticket/save POST
31:14.471 [34mINFO [0;39m [34mc.j.t.common.aspect.LogAspect :54  [0;39m http-nio-9091-exec-1 [32m17778978744699fc  [0;39m ÀàÃû·½·¨: com.jiawa.train.member.controller.feign.FeignTicketController.save
31:14.471 [34mINFO [0;39m [34mc.j.t.common.aspect.LogAspect :55  [0;39m http-nio-9091-exec-1 [32m17778978744699fc  [0;39m Ô¶³ÌµØÖ·: 127.0.0.1
31:14.471 [34mINFO [0;39m [34mc.j.t.common.aspect.LogAspect :76  [0;39m http-nio-9091-exec-1 [32m17778978744699fc  [0;39m ÇëÇó²ÎÊý: [{"carriageIndex":2,"endStation":"ÎäººÕ¾","endTime":21600000,"memberId":1994648397725962240,"passengerId":2003822171247480832,"passengerName":"¹ØÓð","seatCol":"A","seatRow":"07","seatType":"1","startStation":"³É¶¼¶«Õ¾","startTime":0,"trainCode":"GB123","trainDate":1777910400000}]
31:14.472 [39mDEBUG[0;39m [34mc.j.t.m.m.TicketMapper.insert :137 [0;39m http-nio-9091-exec-1 [32m17778978744699fc  [0;39m ==>  Preparing: insert into ticket (id, member_id, passenger_id, passenger_name, train_date, train_code, carriage_index, seat_row, seat_col, start_station, start_time, end_station, end_time, seat_type, create_time, update_time) values (?, ?, ?, ?, ?, ?, ?, ?, ?, ?, ?, ?, ?, ?, ?, ?)
31:14.473 [39mDEBUG[0;39m [34mc.j.t.m.m.TicketMapper.insert :137 [0;39m http-nio-9091-exec-1 [32m17778978744699fc  [0;39m ==> Parameters: 2051278476945788928(Long), 1994648397725962240(Long), 2003822171247480832(Long), ¹ØÓð(String), 2026-05-05(Date), GB123(String), 2(Integer), 07(String), A(String), ³É¶¼¶«Õ¾(String), 08:00:00(Time), ÎäººÕ¾(String), 14:00:00(Time), 1(String), 2026-05-04 20:31:14.471(Timestamp), 2026-05-04 20:31:14.471(Timestamp)
31:14.475 [39mDEBUG[0;39m [34mc.j.t.m.m.TicketMapper.insert :137 [0;39m http-nio-9091-exec-1 [32m17778978744699fc  [0;39m <==    Updates: 1
31:14.476 [34mINFO [0;39m [34mc.j.t.common.aspect.LogAspect :88  [0;39m http-nio-9091-exec-1 [32m17778978744699fc  [0;39m ·µ»Ø½á¹û: {"success":true}
31:14.476 [34mINFO [0;39m [34mc.j.t.common.aspect.LogAspect :89  [0;39m http-nio-9091-exec-1 [32m17778978744699fc  [0;39m ------------- ½áÊø ºÄÊ±£º5 ms -------------
31:14.502 [34mINFO [0;39m [34mc.j.t.c.i.MemberInterceptor   :26  [0;39m http-nio-9091-exec-2 [32m1777897874502qtu  [0;39m MemberInterceptor¿ªÊ¼
31:14.502 [34mINFO [0;39m [34mc.j.t.c.i.MemberInterceptor   :36  [0;39m http-nio-9091-exec-2 [32m1777897874502qtu  [0;39m MemberInterceptor½áÊø
31:14.503 [34mINFO [0;39m [34mc.j.t.common.aspect.LogAspect :52  [0;39m http-nio-9091-exec-2 [32m1777897874502qtu  [0;39m ------------- ¿ªÊ¼ -------------
31:14.503 [34mINFO [0;39m [34mc.j.t.common.aspect.LogAspect :53  [0;39m http-nio-9091-exec-2 [32m1777897874502qtu  [0;39m ÇëÇóµØÖ·: http://127.0.0.1:9091/member/feign/ticket/save POST
31:14.504 [34mINFO [0;39m [34mc.j.t.common.aspect.LogAspect :54  [0;39m http-nio-9091-exec-2 [32m1777897874502qtu  [0;39m ÀàÃû·½·¨: com.jiawa.train.member.controller.feign.FeignTicketController.save
31:14.504 [34mINFO [0;39m [34mc.j.t.common.aspect.LogAspect :55  [0;39m http-nio-9091-exec-2 [32m1777897874502qtu  [0;39m Ô¶³ÌµØÖ·: 127.0.0.1
31:14.504 [34mINFO [0;39m [34mc.j.t.common.aspect.LogAspect :76  [0;39m http-nio-9091-exec-2 [32m1777897874502qtu  [0;39m ÇëÇó²ÎÊý: [{"carriageIndex":2,"endStation":"ÎäººÕ¾","endTime":21600000,"memberId":1994648397725962240,"passengerId":2003822171247480832,"passengerName":"¹ØÓð","seatCol":"C","seatRow":"08","seatType":"1","startStation":"³É¶¼¶«Õ¾","startTime":0,"trainCode":"GB123","trainDate":1777910400000}]
31:14.504 [39mDEBUG[0;39m [34mc.j.t.m.m.TicketMapper.insert :137 [0;39m http-nio-9091-exec-2 [32m1777897874502qtu  [0;39m ==>  Preparing: insert into ticket (id, member_id, passenger_id, passenger_name, train_date, train_code, carriage_index, seat_row, seat_col, start_station, start_time, end_station, end_time, seat_type, create_time, update_time) values (?, ?, ?, ?, ?, ?, ?, ?, ?, ?, ?, ?, ?, ?, ?, ?)
31:14.505 [39mDEBUG[0;39m [34mc.j.t.m.m.TicketMapper.insert :137 [0;39m http-nio-9091-exec-2 [32m1777897874502qtu  [0;39m ==> Parameters: 2051278477080006656(Long), 1994648397725962240(Long), 2003822171247480832(Long), ¹ØÓð(String), 2026-05-05(Date), GB123(String), 2(Integer), 08(String), C(String), ³É¶¼¶«Õ¾(String), 08:00:00(Time), ÎäººÕ¾(String), 14:00:00(Time), 1(String), 2026-05-04 20:31:14.504(Timestamp), 2026-05-04 20:31:14.504(Timestamp)
31:14.509 [39mDEBUG[0;39m [34mc.j.t.m.m.TicketMapper.insert :137 [0;39m http-nio-9091-exec-2 [32m1777897874502qtu  [0;39m <==    Updates: 1
31:14.510 [34mINFO [0;39m [34mc.j.t.common.aspect.LogAspect :88  [0;39m http-nio-9091-exec-2 [32m1777897874502qtu  [0;39m ·µ»Ø½á¹û: {"success":true}
31:14.510 [34mINFO [0;39m [34mc.j.t.common.aspect.LogAspect :89  [0;39m http-nio-9091-exec-2 [32m1777897874502qtu  [0;39m ------------- ½áÊø ºÄÊ±£º7 ms -------------
31:14.537 [34mINFO [0;39m [34mc.j.t.c.i.MemberInterceptor   :26  [0;39m http-nio-9091-exec-3 [32m1777897874537h0s  [0;39m MemberInterceptor¿ªÊ¼
31:14.537 [34mINFO [0;39m [34mc.j.t.c.i.MemberInterceptor   :36  [0;39m http-nio-9091-exec-3 [32m1777897874537h0s  [0;39m MemberInterceptor½áÊø
31:14.538 [34mINFO [0;39m [34mc.j.t.common.aspect.LogAspect :52  [0;39m http-nio-9091-exec-3 [32m1777897874537h0s  [0;39m ------------- ¿ªÊ¼ -------------
31:14.538 [34mINFO [0;39m [34mc.j.t.common.aspect.LogAspect :53  [0;39m http-nio-9091-exec-3 [32m1777897874537h0s  [0;39m ÇëÇóµØÖ·: http://127.0.0.1:9091/member/feign/ticket/save POST
31:14.538 [34mINFO [0;39m [34mc.j.t.common.aspect.LogAspect :54  [0;39m http-nio-9091-exec-3 [32m1777897874537h0s  [0;39m ÀàÃû·½·¨: com.jiawa.train.member.controller.feign.FeignTicketController.save
31:14.538 [34mINFO [0;39m [34mc.j.t.common.aspect.LogAspect :55  [0;39m http-nio-9091-exec-3 [32m1777897874537h0s  [0;39m Ô¶³ÌµØÖ·: 127.0.0.1
31:14.538 [34mINFO [0;39m [34mc.j.t.common.aspect.LogAspect :76  [0;39m http-nio-9091-exec-3 [32m1777897874537h0s  [0;39m ÇëÇó²ÎÊý: [{"carriageIndex":1,"endStation":"ÎäººÕ¾","endTime":21600000,"memberId":1994648397725962240,"passengerId":2003822171247480832,"passengerName":"¹ØÓð","seatCol":"C","seatRow":"06","seatType":"1","startStation":"³É¶¼¶«Õ¾","startTime":0,"trainCode":"GB123","trainDate":1777910400000}]
31:14.539 [39mDEBUG[0;39m [34mc.j.t.m.m.TicketMapper.insert :137 [0;39m http-nio-9091-exec-3 [32m1777897874537h0s  [0;39m ==>  Preparing: insert into ticket (id, member_id, passenger_id, passenger_name, train_date, train_code, carriage_index, seat_row, seat_col, start_station, start_time, end_station, end_time, seat_type, create_time, update_time) values (?, ?, ?, ?, ?, ?, ?, ?, ?, ?, ?, ?, ?, ?, ?, ?)
31:14.541 [39mDEBUG[0;39m [34mc.j.t.m.m.TicketMapper.insert :137 [0;39m http-nio-9091-exec-3 [32m1777897874537h0s  [0;39m ==> Parameters: 2051278477226807296(Long), 1994648397725962240(Long), 2003822171247480832(Long), ¹ØÓð(String), 2026-05-05(Date), GB123(String), 1(Integer), 06(String), C(String), ³É¶¼¶«Õ¾(String), 08:00:00(Time), ÎäººÕ¾(String), 14:00:00(Time), 1(String), 2026-05-04 20:31:14.539(Timestamp), 2026-05-04 20:31:14.539(Timestamp)
31:14.543 [39mDEBUG[0;39m [34mc.j.t.m.m.TicketMapper.insert :137 [0;39m http-nio-9091-exec-3 [32m1777897874537h0s  [0;39m <==    Updates: 1
31:14.544 [34mINFO [0;39m [34mc.j.t.common.aspect.LogAspect :88  [0;39m http-nio-9091-exec-3 [32m1777897874537h0s  [0;39m ·µ»Ø½á¹û: {"success":true}
31:14.544 [34mINFO [0;39m [34mc.j.t.common.aspect.LogAspect :89  [0;39m http-nio-9091-exec-3 [32m1777897874537h0s  [0;39m ------------- ½áÊø ºÄÊ±£º6 ms -------------
31:14.585 [34mINFO [0;39m [34mc.j.t.c.i.MemberInterceptor   :26  [0;39m http-nio-9091-exec-4 [32m1777897874585j0v  [0;39m MemberInterceptor¿ªÊ¼
31:14.585 [34mINFO [0;39m [34mc.j.t.c.i.MemberInterceptor   :36  [0;39m http-nio-9091-exec-4 [32m1777897874585j0v  [0;39m MemberInterceptor½áÊø
31:14.586 [34mINFO [0;39m [34mc.j.t.common.aspect.LogAspect :52  [0;39m http-nio-9091-exec-4 [32m1777897874585j0v  [0;39m ------------- ¿ªÊ¼ -------------
31:14.586 [34mINFO [0;39m [34mc.j.t.common.aspect.LogAspect :53  [0;39m http-nio-9091-exec-4 [32m1777897874585j0v  [0;39m ÇëÇóµØÖ·: http://127.0.0.1:9091/member/feign/ticket/save POST
31:14.586 [34mINFO [0;39m [34mc.j.t.common.aspect.LogAspect :54  [0;39m http-nio-9091-exec-4 [32m1777897874585j0v  [0;39m ÀàÃû·½·¨: com.jiawa.train.member.controller.feign.FeignTicketController.save
31:14.586 [34mINFO [0;39m [34mc.j.t.common.aspect.LogAspect :55  [0;39m http-nio-9091-exec-4 [32m1777897874585j0v  [0;39m Ô¶³ÌµØÖ·: 127.0.0.1
31:14.587 [34mINFO [0;39m [34mc.j.t.common.aspect.LogAspect :76  [0;39m http-nio-9091-exec-4 [32m1777897874585j0v  [0;39m ÇëÇó²ÎÊý: [{"carriageIndex":1,"endStation":"ÎäººÕ¾","endTime":21600000,"memberId":1994648397725962240,"passengerId":2003822171247480832,"passengerName":"¹ØÓð","seatCol":"A","seatRow":"06","seatType":"1","startStation":"³É¶¼¶«Õ¾","startTime":0,"trainCode":"GB123","trainDate":1777910400000}]
31:14.588 [39mDEBUG[0;39m [34mc.j.t.m.m.TicketMapper.insert :137 [0;39m http-nio-9091-exec-4 [32m1777897874585j0v  [0;39m ==>  Preparing: insert into ticket (id, member_id, passenger_id, passenger_name, train_date, train_code, carriage_index, seat_row, seat_col, start_station, start_time, end_station, end_time, seat_type, create_time, update_time) values (?, ?, ?, ?, ?, ?, ?, ?, ?, ?, ?, ?, ?, ?, ?, ?)
31:14.589 [39mDEBUG[0;39m [34mc.j.t.m.m.TicketMapper.insert :137 [0;39m http-nio-9091-exec-4 [32m1777897874585j0v  [0;39m ==> Parameters: 2051278477432328192(Long), 1994648397725962240(Long), 2003822171247480832(Long), ¹ØÓð(String), 2026-05-05(Date), GB123(String), 1(Integer), 06(String), A(String), ³É¶¼¶«Õ¾(String), 08:00:00(Time), ÎäººÕ¾(String), 14:00:00(Time), 1(String), 2026-05-04 20:31:14.587(Timestamp), 2026-05-04 20:31:14.587(Timestamp)
31:14.592 [39mDEBUG[0;39m [34mc.j.t.m.m.TicketMapper.insert :137 [0;39m http-nio-9091-exec-4 [32m1777897874585j0v  [0;39m <==    Updates: 1
31:14.592 [34mINFO [0;39m [34mc.j.t.common.aspect.LogAspect :88  [0;39m http-nio-9091-exec-4 [32m1777897874585j0v  [0;39m ·µ»Ø½á¹û: {"success":true}
31:14.592 [34mINFO [0;39m [34mc.j.t.common.aspect.LogAspect :89  [0;39m http-nio-9091-exec-4 [32m1777897874585j0v  [0;39m ------------- ½áÊø ºÄÊ±£º6 ms -------------
31:14.625 [34mINFO [0;39m [34mc.j.t.c.i.MemberInterceptor   :26  [0;39m http-nio-9091-exec-5 [32m17778978746250it  [0;39m MemberInterceptor¿ªÊ¼
31:14.625 [34mINFO [0;39m [34mc.j.t.c.i.MemberInterceptor   :36  [0;39m http-nio-9091-exec-5 [32m17778978746250it  [0;39m MemberInterceptor½áÊø
31:14.627 [34mINFO [0;39m [34mc.j.t.common.aspect.LogAspect :52  [0;39m http-nio-9091-exec-5 [32m17778978746250it  [0;39m ------------- ¿ªÊ¼ -------------
31:14.627 [34mINFO [0;39m [34mc.j.t.common.aspect.LogAspect :53  [0;39m http-nio-9091-exec-5 [32m17778978746250it  [0;39m ÇëÇóµØÖ·: http://127.0.0.1:9091/member/feign/ticket/save POST
31:14.627 [34mINFO [0;39m [34mc.j.t.common.aspect.LogAspect :54  [0;39m http-nio-9091-exec-5 [32m17778978746250it  [0;39m ÀàÃû·½·¨: com.jiawa.train.member.controller.feign.FeignTicketController.save
31:14.627 [34mINFO [0;39m [34mc.j.t.common.aspect.LogAspect :55  [0;39m http-nio-9091-exec-5 [32m17778978746250it  [0;39m Ô¶³ÌµØÖ·: 127.0.0.1
31:14.628 [34mINFO [0;39m [34mc.j.t.common.aspect.LogAspect :76  [0;39m http-nio-9091-exec-5 [32m17778978746250it  [0;39m ÇëÇó²ÎÊý: [{"carriageIndex":2,"endStation":"ÎäººÕ¾","endTime":21600000,"memberId":1994648397725962240,"passengerId":2003822171247480832,"passengerName":"¹ØÓð","seatCol":"D","seatRow":"04","seatType":"1","startStation":"³É¶¼¶«Õ¾","startTime":0,"trainCode":"GB123","trainDate":1777910400000}]
31:14.628 [39mDEBUG[0;39m [34mc.j.t.m.m.TicketMapper.insert :137 [0;39m http-nio-9091-exec-5 [32m17778978746250it  [0;39m ==>  Preparing: insert into ticket (id, member_id, passenger_id, passenger_name, train_date, train_code, carriage_index, seat_row, seat_col, start_station, start_time, end_station, end_time, seat_type, create_time, update_time) values (?, ?, ?, ?, ?, ?, ?, ?, ?, ?, ?, ?, ?, ?, ?, ?)
31:14.629 [39mDEBUG[0;39m [34mc.j.t.m.m.TicketMapper.insert :137 [0;39m http-nio-9091-exec-5 [32m17778978746250it  [0;39m ==> Parameters: 2051278477600100352(Long), 1994648397725962240(Long), 2003822171247480832(Long), ¹ØÓð(String), 2026-05-05(Date), GB123(String), 2(Integer), 04(String), D(String), ³É¶¼¶«Õ¾(String), 08:00:00(Time), ÎäººÕ¾(String), 14:00:00(Time), 1(String), 2026-05-04 20:31:14.628(Timestamp), 2026-05-04 20:31:14.628(Timestamp)
31:14.633 [39mDEBUG[0;39m [34mc.j.t.m.m.TicketMapper.insert :137 [0;39m http-nio-9091-exec-5 [32m17778978746250it  [0;39m <==    Updates: 1
31:14.633 [34mINFO [0;39m [34mc.j.t.common.aspect.LogAspect :88  [0;39m http-nio-9091-exec-5 [32m17778978746250it  [0;39m ·µ»Ø½á¹û: {"success":true}
31:14.633 [34mINFO [0;39m [34mc.j.t.common.aspect.LogAspect :89  [0;39m http-nio-9091-exec-5 [32m17778978746250it  [0;39m ------------- ½áÊø ºÄÊ±£º6 ms -------------
31:14.661 [34mINFO [0;39m [34mc.j.t.c.i.MemberInterceptor   :26  [0;39m http-nio-9091-exec-6 [32m1777897874661lgl  [0;39m MemberInterceptor¿ªÊ¼
31:14.661 [34mINFO [0;39m [34mc.j.t.c.i.MemberInterceptor   :36  [0;39m http-nio-9091-exec-6 [32m1777897874661lgl  [0;39m MemberInterceptor½áÊø
31:14.662 [34mINFO [0;39m [34mc.j.t.common.aspect.LogAspect :52  [0;39m http-nio-9091-exec-6 [32m1777897874661lgl  [0;39m ------------- ¿ªÊ¼ -------------
31:14.662 [34mINFO [0;39m [34mc.j.t.common.aspect.LogAspect :53  [0;39m http-nio-9091-exec-6 [32m1777897874661lgl  [0;39m ÇëÇóµØÖ·: http://127.0.0.1:9091/member/feign/ticket/save POST
31:14.662 [34mINFO [0;39m [34mc.j.t.common.aspect.LogAspect :54  [0;39m http-nio-9091-exec-6 [32m1777897874661lgl  [0;39m ÀàÃû·½·¨: com.jiawa.train.member.controller.feign.FeignTicketController.save
31:14.662 [34mINFO [0;39m [34mc.j.t.common.aspect.LogAspect :55  [0;39m http-nio-9091-exec-6 [32m1777897874661lgl  [0;39m Ô¶³ÌµØÖ·: 127.0.0.1
31:14.662 [34mINFO [0;39m [34mc.j.t.common.aspect.LogAspect :76  [0;39m http-nio-9091-exec-6 [32m1777897874661lgl  [0;39m ÇëÇó²ÎÊý: [{"carriageIndex":1,"endStation":"ÎäººÕ¾","endTime":21600000,"memberId":1994648397725962240,"passengerId":2003822171247480832,"passengerName":"¹ØÓð","seatCol":"D","seatRow":"08","seatType":"1","startStation":"³É¶¼¶«Õ¾","startTime":0,"trainCode":"GB123","trainDate":1777910400000}]
31:14.663 [39mDEBUG[0;39m [34mc.j.t.m.m.TicketMapper.insert :137 [0;39m http-nio-9091-exec-6 [32m1777897874661lgl  [0;39m ==>  Preparing: insert into ticket (id, member_id, passenger_id, passenger_name, train_date, train_code, carriage_index, seat_row, seat_col, start_station, start_time, end_station, end_time, seat_type, create_time, update_time) values (?, ?, ?, ?, ?, ?, ?, ?, ?, ?, ?, ?, ?, ?, ?, ?)
31:14.663 [39mDEBUG[0;39m [34mc.j.t.m.m.TicketMapper.insert :137 [0;39m http-nio-9091-exec-6 [32m1777897874661lgl  [0;39m ==> Parameters: 2051278477746900992(Long), 1994648397725962240(Long), 2003822171247480832(Long), ¹ØÓð(String), 2026-05-05(Date), GB123(String), 1(Integer), 08(String), D(String), ³É¶¼¶«Õ¾(String), 08:00:00(Time), ÎäººÕ¾(String), 14:00:00(Time), 1(String), 2026-05-04 20:31:14.662(Timestamp), 2026-05-04 20:31:14.662(Timestamp)
31:14.668 [39mDEBUG[0;39m [34mc.j.t.m.m.TicketMapper.insert :137 [0;39m http-nio-9091-exec-6 [32m1777897874661lgl  [0;39m <==    Updates: 1
31:14.669 [34mINFO [0;39m [34mc.j.t.common.aspect.LogAspect :88  [0;39m http-nio-9091-exec-6 [32m1777897874661lgl  [0;39m ·µ»Ø½á¹û: {"success":true}
31:14.669 [34mINFO [0;39m [34mc.j.t.common.aspect.LogAspect :89  [0;39m http-nio-9091-exec-6 [32m1777897874661lgl  [0;39m ------------- ½áÊø ºÄÊ±£º7 ms -------------
31:14.696 [34mINFO [0;39m [34mc.j.t.c.i.MemberInterceptor   :26  [0;39m http-nio-9091-exec-7 [32m17778978746961pp  [0;39m MemberInterceptor¿ªÊ¼
31:14.696 [34mINFO [0;39m [34mc.j.t.c.i.MemberInterceptor   :36  [0;39m http-nio-9091-exec-7 [32m17778978746961pp  [0;39m MemberInterceptor½áÊø
31:14.697 [34mINFO [0;39m [34mc.j.t.common.aspect.LogAspect :52  [0;39m http-nio-9091-exec-7 [32m17778978746961pp  [0;39m ------------- ¿ªÊ¼ -------------
31:14.697 [34mINFO [0;39m [34mc.j.t.common.aspect.LogAspect :53  [0;39m http-nio-9091-exec-7 [32m17778978746961pp  [0;39m ÇëÇóµØÖ·: http://127.0.0.1:9091/member/feign/ticket/save POST
31:14.697 [34mINFO [0;39m [34mc.j.t.common.aspect.LogAspect :54  [0;39m http-nio-9091-exec-7 [32m17778978746961pp  [0;39m ÀàÃû·½·¨: com.jiawa.train.member.controller.feign.FeignTicketController.save
31:14.697 [34mINFO [0;39m [34mc.j.t.common.aspect.LogAspect :55  [0;39m http-nio-9091-exec-7 [32m17778978746961pp  [0;39m Ô¶³ÌµØÖ·: 127.0.0.1
31:14.697 [34mINFO [0;39m [34mc.j.t.common.aspect.LogAspect :76  [0;39m http-nio-9091-exec-7 [32m17778978746961pp  [0;39m ÇëÇó²ÎÊý: [{"carriageIndex":1,"endStation":"ÎäººÕ¾","endTime":21600000,"memberId":1994648397725962240,"passengerId":2003822171247480832,"passengerName":"¹ØÓð","seatCol":"C","seatRow":"10","seatType":"1","startStation":"³É¶¼¶«Õ¾","startTime":0,"trainCode":"GB123","trainDate":1777910400000}]
31:14.699 [39mDEBUG[0;39m [34mc.j.t.m.m.TicketMapper.insert :137 [0;39m http-nio-9091-exec-7 [32m17778978746961pp  [0;39m ==>  Preparing: insert into ticket (id, member_id, passenger_id, passenger_name, train_date, train_code, carriage_index, seat_row, seat_col, start_station, start_time, end_station, end_time, seat_type, create_time, update_time) values (?, ?, ?, ?, ?, ?, ?, ?, ?, ?, ?, ?, ?, ?, ?, ?)
31:14.699 [39mDEBUG[0;39m [34mc.j.t.m.m.TicketMapper.insert :137 [0;39m http-nio-9091-exec-7 [32m17778978746961pp  [0;39m ==> Parameters: 2051278477893701632(Long), 1994648397725962240(Long), 2003822171247480832(Long), ¹ØÓð(String), 2026-05-05(Date), GB123(String), 1(Integer), 10(String), C(String), ³É¶¼¶«Õ¾(String), 08:00:00(Time), ÎäººÕ¾(String), 14:00:00(Time), 1(String), 2026-05-04 20:31:14.698(Timestamp), 2026-05-04 20:31:14.698(Timestamp)
31:14.702 [39mDEBUG[0;39m [34mc.j.t.m.m.TicketMapper.insert :137 [0;39m http-nio-9091-exec-7 [32m17778978746961pp  [0;39m <==    Updates: 1
31:14.703 [34mINFO [0;39m [34mc.j.t.common.aspect.LogAspect :88  [0;39m http-nio-9091-exec-7 [32m17778978746961pp  [0;39m ·µ»Ø½á¹û: {"success":true}
31:14.703 [34mINFO [0;39m [34mc.j.t.common.aspect.LogAspect :89  [0;39m http-nio-9091-exec-7 [32m17778978746961pp  [0;39m ------------- ½áÊø ºÄÊ±£º6 ms -------------
31:14.729 [34mINFO [0;39m [34mc.j.t.c.i.MemberInterceptor   :26  [0;39m http-nio-9091-exec-8 [32m1777897874729zvq  [0;39m MemberInterceptor¿ªÊ¼
31:14.729 [34mINFO [0;39m [34mc.j.t.c.i.MemberInterceptor   :36  [0;39m http-nio-9091-exec-8 [32m1777897874729zvq  [0;39m MemberInterceptor½áÊø
31:14.730 [34mINFO [0;39m [34mc.j.t.common.aspect.LogAspect :52  [0;39m http-nio-9091-exec-8 [32m1777897874729zvq  [0;39m ------------- ¿ªÊ¼ -------------
31:14.730 [34mINFO [0;39m [34mc.j.t.common.aspect.LogAspect :53  [0;39m http-nio-9091-exec-8 [32m1777897874729zvq  [0;39m ÇëÇóµØÖ·: http://127.0.0.1:9091/member/feign/ticket/save POST
31:14.730 [34mINFO [0;39m [34mc.j.t.common.aspect.LogAspect :54  [0;39m http-nio-9091-exec-8 [32m1777897874729zvq  [0;39m ÀàÃû·½·¨: com.jiawa.train.member.controller.feign.FeignTicketController.save
31:14.730 [34mINFO [0;39m [34mc.j.t.common.aspect.LogAspect :55  [0;39m http-nio-9091-exec-8 [32m1777897874729zvq  [0;39m Ô¶³ÌµØÖ·: 127.0.0.1
31:14.731 [34mINFO [0;39m [34mc.j.t.common.aspect.LogAspect :76  [0;39m http-nio-9091-exec-8 [32m1777897874729zvq  [0;39m ÇëÇó²ÎÊý: [{"carriageIndex":2,"endStation":"ÎäººÕ¾","endTime":21600000,"memberId":1994648397725962240,"passengerId":2003822171247480832,"passengerName":"¹ØÓð","seatCol":"C","seatRow":"06","seatType":"1","startStation":"³É¶¼¶«Õ¾","startTime":0,"trainCode":"GB123","trainDate":1777910400000}]
31:14.731 [39mDEBUG[0;39m [34mc.j.t.m.m.TicketMapper.insert :137 [0;39m http-nio-9091-exec-8 [32m1777897874729zvq  [0;39m ==>  Preparing: insert into ticket (id, member_id, passenger_id, passenger_name, train_date, train_code, carriage_index, seat_row, seat_col, start_station, start_time, end_station, end_time, seat_type, create_time, update_time) values (?, ?, ?, ?, ?, ?, ?, ?, ?, ?, ?, ?, ?, ?, ?, ?)
31:14.732 [39mDEBUG[0;39m [34mc.j.t.m.m.TicketMapper.insert :137 [0;39m http-nio-9091-exec-8 [32m1777897874729zvq  [0;39m ==> Parameters: 2051278478032113664(Long), 1994648397725962240(Long), 2003822171247480832(Long), ¹ØÓð(String), 2026-05-05(Date), GB123(String), 2(Integer), 06(String), C(String), ³É¶¼¶«Õ¾(String), 08:00:00(Time), ÎäººÕ¾(String), 14:00:00(Time), 1(String), 2026-05-04 20:31:14.731(Timestamp), 2026-05-04 20:31:14.731(Timestamp)
31:14.735 [39mDEBUG[0;39m [34mc.j.t.m.m.TicketMapper.insert :137 [0;39m http-nio-9091-exec-8 [32m1777897874729zvq  [0;39m <==    Updates: 1
31:14.735 [34mINFO [0;39m [34mc.j.t.common.aspect.LogAspect :88  [0;39m http-nio-9091-exec-8 [32m1777897874729zvq  [0;39m ·µ»Ø½á¹û: {"success":true}
31:14.736 [34mINFO [0;39m [34mc.j.t.common.aspect.LogAspect :89  [0;39m http-nio-9091-exec-8 [32m1777897874729zvq  [0;39m ------------- ½áÊø ºÄÊ±£º6 ms -------------
31:14.761 [34mINFO [0;39m [34mc.j.t.c.i.MemberInterceptor   :26  [0;39m http-nio-9091-exec-9 [32m1777897874761c45  [0;39m MemberInterceptor¿ªÊ¼
31:14.762 [34mINFO [0;39m [34mc.j.t.c.i.MemberInterceptor   :36  [0;39m http-nio-9091-exec-9 [32m1777897874761c45  [0;39m MemberInterceptor½áÊø
31:14.763 [34mINFO [0;39m [34mc.j.t.common.aspect.LogAspect :52  [0;39m http-nio-9091-exec-9 [32m1777897874761c45  [0;39m ------------- ¿ªÊ¼ -------------
31:14.763 [34mINFO [0;39m [34mc.j.t.common.aspect.LogAspect :53  [0;39m http-nio-9091-exec-9 [32m1777897874761c45  [0;39m ÇëÇóµØÖ·: http://127.0.0.1:9091/member/feign/ticket/save POST
31:14.763 [34mINFO [0;39m [34mc.j.t.common.aspect.LogAspect :54  [0;39m http-nio-9091-exec-9 [32m1777897874761c45  [0;39m ÀàÃû·½·¨: com.jiawa.train.member.controller.feign.FeignTicketController.save
31:14.763 [34mINFO [0;39m [34mc.j.t.common.aspect.LogAspect :55  [0;39m http-nio-9091-exec-9 [32m1777897874761c45  [0;39m Ô¶³ÌµØÖ·: 127.0.0.1
31:14.763 [34mINFO [0;39m [34mc.j.t.common.aspect.LogAspect :76  [0;39m http-nio-9091-exec-9 [32m1777897874761c45  [0;39m ÇëÇó²ÎÊý: [{"carriageIndex":2,"endStation":"ÎäººÕ¾","endTime":21600000,"memberId":1994648397725962240,"passengerId":2003822171247480832,"passengerName":"¹ØÓð","seatCol":"C","seatRow":"04","seatType":"1","startStation":"³É¶¼¶«Õ¾","startTime":0,"trainCode":"GB123","trainDate":1777910400000}]
31:14.764 [39mDEBUG[0;39m [34mc.j.t.m.m.TicketMapper.insert :137 [0;39m http-nio-9091-exec-9 [32m1777897874761c45  [0;39m ==>  Preparing: insert into ticket (id, member_id, passenger_id, passenger_name, train_date, train_code, carriage_index, seat_row, seat_col, start_station, start_time, end_station, end_time, seat_type, create_time, update_time) values (?, ?, ?, ?, ?, ?, ?, ?, ?, ?, ?, ?, ?, ?, ?, ?)
31:14.765 [39mDEBUG[0;39m [34mc.j.t.m.m.TicketMapper.insert :137 [0;39m http-nio-9091-exec-9 [32m1777897874761c45  [0;39m ==> Parameters: 2051278478166331392(Long), 1994648397725962240(Long), 2003822171247480832(Long), ¹ØÓð(String), 2026-05-05(Date), GB123(String), 2(Integer), 04(String), C(String), ³É¶¼¶«Õ¾(String), 08:00:00(Time), ÎäººÕ¾(String), 14:00:00(Time), 1(String), 2026-05-04 20:31:14.763(Timestamp), 2026-05-04 20:31:14.763(Timestamp)
31:14.768 [39mDEBUG[0;39m [34mc.j.t.m.m.TicketMapper.insert :137 [0;39m http-nio-9091-exec-9 [32m1777897874761c45  [0;39m <==    Updates: 1
31:14.769 [34mINFO [0;39m [34mc.j.t.common.aspect.LogAspect :88  [0;39m http-nio-9091-exec-9 [32m1777897874761c45  [0;39m ·µ»Ø½á¹û: {"success":true}
31:14.769 [34mINFO [0;39m [34mc.j.t.common.aspect.LogAspect :89  [0;39m http-nio-9091-exec-9 [32m1777897874761c45  [0;39m ------------- ½áÊø ºÄÊ±£º6 ms -------------
31:14.803 [34mINFO [0;39m [34mc.j.t.c.i.MemberInterceptor   :26  [0;39m http-nio-9091-exec-10 [32m1777897874803r0q  [0;39m MemberInterceptor¿ªÊ¼
31:14.803 [34mINFO [0;39m [34mc.j.t.c.i.MemberInterceptor   :36  [0;39m http-nio-9091-exec-10 [32m1777897874803r0q  [0;39m MemberInterceptor½áÊø
31:14.805 [34mINFO [0;39m [34mc.j.t.common.aspect.LogAspect :52  [0;39m http-nio-9091-exec-10 [32m1777897874803r0q  [0;39m ------------- ¿ªÊ¼ -------------
31:14.805 [34mINFO [0;39m [34mc.j.t.common.aspect.LogAspect :53  [0;39m http-nio-9091-exec-10 [32m1777897874803r0q  [0;39m ÇëÇóµØÖ·: http://127.0.0.1:9091/member/feign/ticket/save POST
31:14.805 [34mINFO [0;39m [34mc.j.t.common.aspect.LogAspect :54  [0;39m http-nio-9091-exec-10 [32m1777897874803r0q  [0;39m ÀàÃû·½·¨: com.jiawa.train.member.controller.feign.FeignTicketController.save
31:14.805 [34mINFO [0;39m [34mc.j.t.common.aspect.LogAspect :55  [0;39m http-nio-9091-exec-10 [32m1777897874803r0q  [0;39m Ô¶³ÌµØÖ·: 127.0.0.1
31:14.806 [34mINFO [0;39m [34mc.j.t.common.aspect.LogAspect :76  [0;39m http-nio-9091-exec-10 [32m1777897874803r0q  [0;39m ÇëÇó²ÎÊý: [{"carriageIndex":1,"endStation":"ÎäººÕ¾","endTime":21600000,"memberId":1994648397725962240,"passengerId":2003822171247480832,"passengerName":"¹ØÓð","seatCol":"A","seatRow":"01","seatType":"1","startStation":"³É¶¼¶«Õ¾","startTime":0,"trainCode":"GB123","trainDate":1777910400000}]
31:14.806 [39mDEBUG[0;39m [34mc.j.t.m.m.TicketMapper.insert :137 [0;39m http-nio-9091-exec-10 [32m1777897874803r0q  [0;39m ==>  Preparing: insert into ticket (id, member_id, passenger_id, passenger_name, train_date, train_code, carriage_index, seat_row, seat_col, start_station, start_time, end_station, end_time, seat_type, create_time, update_time) values (?, ?, ?, ?, ?, ?, ?, ?, ?, ?, ?, ?, ?, ?, ?, ?)
31:14.807 [39mDEBUG[0;39m [34mc.j.t.m.m.TicketMapper.insert :137 [0;39m http-nio-9091-exec-10 [32m1777897874803r0q  [0;39m ==> Parameters: 2051278478346686464(Long), 1994648397725962240(Long), 2003822171247480832(Long), ¹ØÓð(String), 2026-05-05(Date), GB123(String), 1(Integer), 01(String), A(String), ³É¶¼¶«Õ¾(String), 08:00:00(Time), ÎäººÕ¾(String), 14:00:00(Time), 1(String), 2026-05-04 20:31:14.806(Timestamp), 2026-05-04 20:31:14.806(Timestamp)
31:14.810 [39mDEBUG[0;39m [34mc.j.t.m.m.TicketMapper.insert :137 [0;39m http-nio-9091-exec-10 [32m1777897874803r0q  [0;39m <==    Updates: 1
31:14.810 [34mINFO [0;39m [34mc.j.t.common.aspect.LogAspect :88  [0;39m http-nio-9091-exec-10 [32m1777897874803r0q  [0;39m ·µ»Ø½á¹û: {"success":true}
31:14.810 [34mINFO [0;39m [34mc.j.t.common.aspect.LogAspect :89  [0;39m http-nio-9091-exec-10 [32m1777897874803r0q  [0;39m ------------- ½áÊø ºÄÊ±£º5 ms -------------
31:14.842 [34mINFO [0;39m [34mc.j.t.c.i.MemberInterceptor   :26  [0;39m http-nio-9091-exec-1 [32m17778978748420vk  [0;39m MemberInterceptor¿ªÊ¼
31:14.843 [34mINFO [0;39m [34mc.j.t.c.i.MemberInterceptor   :36  [0;39m http-nio-9091-exec-1 [32m17778978748420vk  [0;39m MemberInterceptor½áÊø
31:14.844 [34mINFO [0;39m [34mc.j.t.common.aspect.LogAspect :52  [0;39m http-nio-9091-exec-1 [32m17778978748420vk  [0;39m ------------- ¿ªÊ¼ -------------
31:14.844 [34mINFO [0;39m [34mc.j.t.common.aspect.LogAspect :53  [0;39m http-nio-9091-exec-1 [32m17778978748420vk  [0;39m ÇëÇóµØÖ·: http://127.0.0.1:9091/member/feign/ticket/save POST
31:14.844 [34mINFO [0;39m [34mc.j.t.common.aspect.LogAspect :54  [0;39m http-nio-9091-exec-1 [32m17778978748420vk  [0;39m ÀàÃû·½·¨: com.jiawa.train.member.controller.feign.FeignTicketController.save
31:14.844 [34mINFO [0;39m [34mc.j.t.common.aspect.LogAspect :55  [0;39m http-nio-9091-exec-1 [32m17778978748420vk  [0;39m Ô¶³ÌµØÖ·: 127.0.0.1
31:14.845 [34mINFO [0;39m [34mc.j.t.common.aspect.LogAspect :76  [0;39m http-nio-9091-exec-1 [32m17778978748420vk  [0;39m ÇëÇó²ÎÊý: [{"carriageIndex":1,"endStation":"ÎäººÕ¾","endTime":21600000,"memberId":1994648397725962240,"passengerId":2003822171247480832,"passengerName":"¹ØÓð","seatCol":"C","seatRow":"07","seatType":"1","startStation":"³É¶¼¶«Õ¾","startTime":0,"trainCode":"GB123","trainDate":1777910400000}]
31:14.845 [39mDEBUG[0;39m [34mc.j.t.m.m.TicketMapper.insert :137 [0;39m http-nio-9091-exec-1 [32m17778978748420vk  [0;39m ==>  Preparing: insert into ticket (id, member_id, passenger_id, passenger_name, train_date, train_code, carriage_index, seat_row, seat_col, start_station, start_time, end_station, end_time, seat_type, create_time, update_time) values (?, ?, ?, ?, ?, ?, ?, ?, ?, ?, ?, ?, ?, ?, ?, ?)
31:14.846 [39mDEBUG[0;39m [34mc.j.t.m.m.TicketMapper.insert :137 [0;39m http-nio-9091-exec-1 [32m17778978748420vk  [0;39m ==> Parameters: 2051278478510264320(Long), 1994648397725962240(Long), 2003822171247480832(Long), ¹ØÓð(String), 2026-05-05(Date), GB123(String), 1(Integer), 07(String), C(String), ³É¶¼¶«Õ¾(String), 08:00:00(Time), ÎäººÕ¾(String), 14:00:00(Time), 1(String), 2026-05-04 20:31:14.845(Timestamp), 2026-05-04 20:31:14.845(Timestamp)
31:14.850 [39mDEBUG[0;39m [34mc.j.t.m.m.TicketMapper.insert :137 [0;39m http-nio-9091-exec-1 [32m17778978748420vk  [0;39m <==    Updates: 1
31:14.850 [34mINFO [0;39m [34mc.j.t.common.aspect.LogAspect :88  [0;39m http-nio-9091-exec-1 [32m17778978748420vk  [0;39m ·µ»Ø½á¹û: {"success":true}
31:14.850 [34mINFO [0;39m [34mc.j.t.common.aspect.LogAspect :89  [0;39m http-nio-9091-exec-1 [32m17778978748420vk  [0;39m ------------- ½áÊø ºÄÊ±£º6 ms -------------
31:14.891 [34mINFO [0;39m [34mc.j.t.c.i.MemberInterceptor   :26  [0;39m http-nio-9091-exec-2 [32m1777897874891zzu  [0;39m MemberInterceptor¿ªÊ¼
31:14.891 [34mINFO [0;39m [34mc.j.t.c.i.MemberInterceptor   :36  [0;39m http-nio-9091-exec-2 [32m1777897874891zzu  [0;39m MemberInterceptor½áÊø
31:14.893 [34mINFO [0;39m [34mc.j.t.common.aspect.LogAspect :52  [0;39m http-nio-9091-exec-2 [32m1777897874891zzu  [0;39m ------------- ¿ªÊ¼ -------------
31:14.893 [34mINFO [0;39m [34mc.j.t.common.aspect.LogAspect :53  [0;39m http-nio-9091-exec-2 [32m1777897874891zzu  [0;39m ÇëÇóµØÖ·: http://127.0.0.1:9091/member/feign/ticket/save POST
31:14.894 [34mINFO [0;39m [34mc.j.t.common.aspect.LogAspect :54  [0;39m http-nio-9091-exec-2 [32m1777897874891zzu  [0;39m ÀàÃû·½·¨: com.jiawa.train.member.controller.feign.FeignTicketController.save
31:14.894 [34mINFO [0;39m [34mc.j.t.common.aspect.LogAspect :55  [0;39m http-nio-9091-exec-2 [32m1777897874891zzu  [0;39m Ô¶³ÌµØÖ·: 127.0.0.1
31:14.894 [34mINFO [0;39m [34mc.j.t.common.aspect.LogAspect :76  [0;39m http-nio-9091-exec-2 [32m1777897874891zzu  [0;39m ÇëÇó²ÎÊý: [{"carriageIndex":1,"endStation":"ÎäººÕ¾","endTime":21600000,"memberId":1994648397725962240,"passengerId":2003822171247480832,"passengerName":"¹ØÓð","seatCol":"D","seatRow":"06","seatType":"1","startStation":"³É¶¼¶«Õ¾","startTime":0,"trainCode":"GB123","trainDate":1777910400000}]
31:14.895 [39mDEBUG[0;39m [34mc.j.t.m.m.TicketMapper.insert :137 [0;39m http-nio-9091-exec-2 [32m1777897874891zzu  [0;39m ==>  Preparing: insert into ticket (id, member_id, passenger_id, passenger_name, train_date, train_code, carriage_index, seat_row, seat_col, start_station, start_time, end_station, end_time, seat_type, create_time, update_time) values (?, ?, ?, ?, ?, ?, ?, ?, ?, ?, ?, ?, ?, ?, ?, ?)
31:14.897 [39mDEBUG[0;39m [34mc.j.t.m.m.TicketMapper.insert :137 [0;39m http-nio-9091-exec-2 [32m1777897874891zzu  [0;39m ==> Parameters: 2051278478719979520(Long), 1994648397725962240(Long), 2003822171247480832(Long), ¹ØÓð(String), 2026-05-05(Date), GB123(String), 1(Integer), 06(String), D(String), ³É¶¼¶«Õ¾(String), 08:00:00(Time), ÎäººÕ¾(String), 14:00:00(Time), 1(String), 2026-05-04 20:31:14.894(Timestamp), 2026-05-04 20:31:14.894(Timestamp)
31:14.903 [39mDEBUG[0;39m [34mc.j.t.m.m.TicketMapper.insert :137 [0;39m http-nio-9091-exec-2 [32m1777897874891zzu  [0;39m <==    Updates: 1
31:14.904 [34mINFO [0;39m [34mc.j.t.common.aspect.LogAspect :88  [0;39m http-nio-9091-exec-2 [32m1777897874891zzu  [0;39m ·µ»Ø½á¹û: {"success":true}
31:14.904 [34mINFO [0;39m [34mc.j.t.common.aspect.LogAspect :89  [0;39m http-nio-9091-exec-2 [32m1777897874891zzu  [0;39m ------------- ½áÊø ºÄÊ±£º11 ms -------------
31:14.946 [34mINFO [0;39m [34mc.j.t.c.i.MemberInterceptor   :26  [0;39m http-nio-9091-exec-3 [32m1777897874946lx4  [0;39m MemberInterceptor¿ªÊ¼
31:14.946 [34mINFO [0;39m [34mc.j.t.c.i.MemberInterceptor   :36  [0;39m http-nio-9091-exec-3 [32m1777897874946lx4  [0;39m MemberInterceptor½áÊø
31:14.950 [34mINFO [0;39m [34mc.j.t.common.aspect.LogAspect :52  [0;39m http-nio-9091-exec-3 [32m1777897874946lx4  [0;39m ------------- ¿ªÊ¼ -------------
31:14.959 [34mINFO [0;39m [34mc.j.t.common.aspect.LogAspect :53  [0;39m http-nio-9091-exec-3 [32m1777897874946lx4  [0;39m ÇëÇóµØÖ·: http://127.0.0.1:9091/member/feign/ticket/save POST
31:14.959 [34mINFO [0;39m [34mc.j.t.common.aspect.LogAspect :54  [0;39m http-nio-9091-exec-3 [32m1777897874946lx4  [0;39m ÀàÃû·½·¨: com.jiawa.train.member.controller.feign.FeignTicketController.save
31:14.960 [34mINFO [0;39m [34mc.j.t.common.aspect.LogAspect :55  [0;39m http-nio-9091-exec-3 [32m1777897874946lx4  [0;39m Ô¶³ÌµØÖ·: 127.0.0.1
31:14.960 [34mINFO [0;39m [34mc.j.t.common.aspect.LogAspect :76  [0;39m http-nio-9091-exec-3 [32m1777897874946lx4  [0;39m ÇëÇó²ÎÊý: [{"carriageIndex":1,"endStation":"ÎäººÕ¾","endTime":21600000,"memberId":1994648397725962240,"passengerId":2003822171247480832,"passengerName":"¹ØÓð","seatCol":"C","seatRow":"02","seatType":"1","startStation":"³É¶¼¶«Õ¾","startTime":0,"trainCode":"GB123","trainDate":1777910400000}]
31:14.961 [39mDEBUG[0;39m [34mc.j.t.m.m.TicketMapper.insert :137 [0;39m http-nio-9091-exec-3 [32m1777897874946lx4  [0;39m ==>  Preparing: insert into ticket (id, member_id, passenger_id, passenger_name, train_date, train_code, carriage_index, seat_row, seat_col, start_station, start_time, end_station, end_time, seat_type, create_time, update_time) values (?, ?, ?, ?, ?, ?, ?, ?, ?, ?, ?, ?, ?, ?, ?, ?)
31:14.962 [39mDEBUG[0;39m [34mc.j.t.m.m.TicketMapper.insert :137 [0;39m http-nio-9091-exec-3 [32m1777897874946lx4  [0;39m ==> Parameters: 2051278478992609280(Long), 1994648397725962240(Long), 2003822171247480832(Long), ¹ØÓð(String), 2026-05-05(Date), GB123(String), 1(Integer), 02(String), C(String), ³É¶¼¶«Õ¾(String), 08:00:00(Time), ÎäººÕ¾(String), 14:00:00(Time), 1(String), 2026-05-04 20:31:14.96(Timestamp), 2026-05-04 20:31:14.96(Timestamp)
31:14.966 [39mDEBUG[0;39m [34mc.j.t.m.m.TicketMapper.insert :137 [0;39m http-nio-9091-exec-3 [32m1777897874946lx4  [0;39m <==    Updates: 1
31:14.968 [34mINFO [0;39m [34mc.j.t.common.aspect.LogAspect :88  [0;39m http-nio-9091-exec-3 [32m1777897874946lx4  [0;39m ·µ»Ø½á¹û: {"success":true}
31:14.968 [34mINFO [0;39m [34mc.j.t.common.aspect.LogAspect :89  [0;39m http-nio-9091-exec-3 [32m1777897874946lx4  [0;39m ------------- ½áÊø ºÄÊ±£º18 ms -------------
31:15.017 [34mINFO [0;39m [34mc.j.t.c.i.MemberInterceptor   :26  [0;39m http-nio-9091-exec-4 [32m1777897875017anp  [0;39m MemberInterceptor¿ªÊ¼
31:15.017 [34mINFO [0;39m [34mc.j.t.c.i.MemberInterceptor   :36  [0;39m http-nio-9091-exec-4 [32m1777897875017anp  [0;39m MemberInterceptor½áÊø
31:15.018 [34mINFO [0;39m [34mc.j.t.common.aspect.LogAspect :52  [0;39m http-nio-9091-exec-4 [32m1777897875017anp  [0;39m ------------- ¿ªÊ¼ -------------
31:15.019 [34mINFO [0;39m [34mc.j.t.common.aspect.LogAspect :53  [0;39m http-nio-9091-exec-4 [32m1777897875017anp  [0;39m ÇëÇóµØÖ·: http://127.0.0.1:9091/member/feign/ticket/save POST
31:15.019 [34mINFO [0;39m [34mc.j.t.common.aspect.LogAspect :54  [0;39m http-nio-9091-exec-4 [32m1777897875017anp  [0;39m ÀàÃû·½·¨: com.jiawa.train.member.controller.feign.FeignTicketController.save
31:15.019 [34mINFO [0;39m [34mc.j.t.common.aspect.LogAspect :55  [0;39m http-nio-9091-exec-4 [32m1777897875017anp  [0;39m Ô¶³ÌµØÖ·: 127.0.0.1
31:15.019 [34mINFO [0;39m [34mc.j.t.common.aspect.LogAspect :76  [0;39m http-nio-9091-exec-4 [32m1777897875017anp  [0;39m ÇëÇó²ÎÊý: [{"carriageIndex":2,"endStation":"ÎäººÕ¾","endTime":21600000,"memberId":1994648397725962240,"passengerId":2003822171247480832,"passengerName":"¹ØÓð","seatCol":"F","seatRow":"05","seatType":"1","startStation":"³É¶¼¶«Õ¾","startTime":0,"trainCode":"GB123","trainDate":1777910400000}]
31:15.020 [39mDEBUG[0;39m [34mc.j.t.m.m.TicketMapper.insert :137 [0;39m http-nio-9091-exec-4 [32m1777897875017anp  [0;39m ==>  Preparing: insert into ticket (id, member_id, passenger_id, passenger_name, train_date, train_code, carriage_index, seat_row, seat_col, start_station, start_time, end_station, end_time, seat_type, create_time, update_time) values (?, ?, ?, ?, ?, ?, ?, ?, ?, ?, ?, ?, ?, ?, ?, ?)
31:15.021 [39mDEBUG[0;39m [34mc.j.t.m.m.TicketMapper.insert :137 [0;39m http-nio-9091-exec-4 [32m1777897875017anp  [0;39m ==> Parameters: 2051278479244267520(Long), 1994648397725962240(Long), 2003822171247480832(Long), ¹ØÓð(String), 2026-05-05(Date), GB123(String), 2(Integer), 05(String), F(String), ³É¶¼¶«Õ¾(String), 08:00:00(Time), ÎäººÕ¾(String), 14:00:00(Time), 1(String), 2026-05-04 20:31:15.02(Timestamp), 2026-05-04 20:31:15.02(Timestamp)
31:15.025 [39mDEBUG[0;39m [34mc.j.t.m.m.TicketMapper.insert :137 [0;39m http-nio-9091-exec-4 [32m1777897875017anp  [0;39m <==    Updates: 1
31:15.026 [34mINFO [0;39m [34mc.j.t.common.aspect.LogAspect :88  [0;39m http-nio-9091-exec-4 [32m1777897875017anp  [0;39m ·µ»Ø½á¹û: {"success":true}
31:15.026 [34mINFO [0;39m [34mc.j.t.common.aspect.LogAspect :89  [0;39m http-nio-9091-exec-4 [32m1777897875017anp  [0;39m ------------- ½áÊø ºÄÊ±£º8 ms -------------
31:15.106 [34mINFO [0;39m [34mc.j.t.c.i.MemberInterceptor   :26  [0;39m http-nio-9091-exec-5 [32m17778978751069qm  [0;39m MemberInterceptor¿ªÊ¼
31:15.106 [34mINFO [0;39m [34mc.j.t.c.i.MemberInterceptor   :36  [0;39m http-nio-9091-exec-5 [32m17778978751069qm  [0;39m MemberInterceptor½áÊø
31:15.109 [34mINFO [0;39m [34mc.j.t.common.aspect.LogAspect :52  [0;39m http-nio-9091-exec-5 [32m17778978751069qm  [0;39m ------------- ¿ªÊ¼ -------------
31:15.110 [34mINFO [0;39m [34mc.j.t.common.aspect.LogAspect :53  [0;39m http-nio-9091-exec-5 [32m17778978751069qm  [0;39m ÇëÇóµØÖ·: http://127.0.0.1:9091/member/feign/ticket/save POST
31:15.110 [34mINFO [0;39m [34mc.j.t.common.aspect.LogAspect :54  [0;39m http-nio-9091-exec-5 [32m17778978751069qm  [0;39m ÀàÃû·½·¨: com.jiawa.train.member.controller.feign.FeignTicketController.save
31:15.110 [34mINFO [0;39m [34mc.j.t.common.aspect.LogAspect :55  [0;39m http-nio-9091-exec-5 [32m17778978751069qm  [0;39m Ô¶³ÌµØÖ·: 127.0.0.1
31:15.110 [34mINFO [0;39m [34mc.j.t.common.aspect.LogAspect :76  [0;39m http-nio-9091-exec-5 [32m17778978751069qm  [0;39m ÇëÇó²ÎÊý: [{"carriageIndex":1,"endStation":"ÎäººÕ¾","endTime":21600000,"memberId":1994648397725962240,"passengerId":2003822171247480832,"passengerName":"¹ØÓð","seatCol":"D","seatRow":"07","seatType":"1","startStation":"³É¶¼¶«Õ¾","startTime":0,"trainCode":"GB123","trainDate":1777910400000}]
31:15.119 [39mDEBUG[0;39m [34mc.j.t.m.m.TicketMapper.insert :137 [0;39m http-nio-9091-exec-5 [32m17778978751069qm  [0;39m ==>  Preparing: insert into ticket (id, member_id, passenger_id, passenger_name, train_date, train_code, carriage_index, seat_row, seat_col, start_station, start_time, end_station, end_time, seat_type, create_time, update_time) values (?, ?, ?, ?, ?, ?, ?, ?, ?, ?, ?, ?, ?, ?, ?, ?)
31:15.126 [39mDEBUG[0;39m [34mc.j.t.m.m.TicketMapper.insert :137 [0;39m http-nio-9091-exec-5 [32m17778978751069qm  [0;39m ==> Parameters: 2051278479625949184(Long), 1994648397725962240(Long), 2003822171247480832(Long), ¹ØÓð(String), 2026-05-05(Date), GB123(String), 1(Integer), 07(String), D(String), ³É¶¼¶«Õ¾(String), 08:00:00(Time), ÎäººÕ¾(String), 14:00:00(Time), 1(String), 2026-05-04 20:31:15.11(Timestamp), 2026-05-04 20:31:15.11(Timestamp)
31:15.146 [39mDEBUG[0;39m [34mc.j.t.m.m.TicketMapper.insert :137 [0;39m http-nio-9091-exec-5 [32m17778978751069qm  [0;39m <==    Updates: 1
31:15.147 [34mINFO [0;39m [34mc.j.t.common.aspect.LogAspect :88  [0;39m http-nio-9091-exec-5 [32m17778978751069qm  [0;39m ·µ»Ø½á¹û: {"success":true}
31:15.147 [34mINFO [0;39m [34mc.j.t.common.aspect.LogAspect :89  [0;39m http-nio-9091-exec-5 [32m17778978751069qm  [0;39m ------------- ½áÊø ºÄÊ±£º38 ms -------------
31:15.226 [34mINFO [0;39m [34mc.j.t.c.i.MemberInterceptor   :26  [0;39m http-nio-9091-exec-6 [32m1777897875226h89  [0;39m MemberInterceptor¿ªÊ¼
31:15.226 [34mINFO [0;39m [34mc.j.t.c.i.MemberInterceptor   :36  [0;39m http-nio-9091-exec-6 [32m1777897875226h89  [0;39m MemberInterceptor½áÊø
31:15.227 [34mINFO [0;39m [34mc.j.t.common.aspect.LogAspect :52  [0;39m http-nio-9091-exec-6 [32m1777897875226h89  [0;39m ------------- ¿ªÊ¼ -------------
31:15.227 [34mINFO [0;39m [34mc.j.t.common.aspect.LogAspect :53  [0;39m http-nio-9091-exec-6 [32m1777897875226h89  [0;39m ÇëÇóµØÖ·: http://127.0.0.1:9091/member/feign/ticket/save POST
31:15.227 [34mINFO [0;39m [34mc.j.t.common.aspect.LogAspect :54  [0;39m http-nio-9091-exec-6 [32m1777897875226h89  [0;39m ÀàÃû·½·¨: com.jiawa.train.member.controller.feign.FeignTicketController.save
31:15.227 [34mINFO [0;39m [34mc.j.t.common.aspect.LogAspect :55  [0;39m http-nio-9091-exec-6 [32m1777897875226h89  [0;39m Ô¶³ÌµØÖ·: 127.0.0.1
31:15.228 [34mINFO [0;39m [34mc.j.t.common.aspect.LogAspect :76  [0;39m http-nio-9091-exec-6 [32m1777897875226h89  [0;39m ÇëÇó²ÎÊý: [{"carriageIndex":2,"endStation":"ÎäººÕ¾","endTime":21600000,"memberId":1994648397725962240,"passengerId":2003822171247480832,"passengerName":"¹ØÓð","seatCol":"D","seatRow":"06","seatType":"1","startStation":"³É¶¼¶«Õ¾","startTime":0,"trainCode":"GB123","trainDate":1777910400000}]
31:15.228 [39mDEBUG[0;39m [34mc.j.t.m.m.TicketMapper.insert :137 [0;39m http-nio-9091-exec-6 [32m1777897875226h89  [0;39m ==>  Preparing: insert into ticket (id, member_id, passenger_id, passenger_name, train_date, train_code, carriage_index, seat_row, seat_col, start_station, start_time, end_station, end_time, seat_type, create_time, update_time) values (?, ?, ?, ?, ?, ?, ?, ?, ?, ?, ?, ?, ?, ?, ?, ?)
31:15.229 [39mDEBUG[0;39m [34mc.j.t.m.m.TicketMapper.insert :137 [0;39m http-nio-9091-exec-6 [32m1777897875226h89  [0;39m ==> Parameters: 2051278480116682752(Long), 1994648397725962240(Long), 2003822171247480832(Long), ¹ØÓð(String), 2026-05-05(Date), GB123(String), 2(Integer), 06(String), D(String), ³É¶¼¶«Õ¾(String), 08:00:00(Time), ÎäººÕ¾(String), 14:00:00(Time), 1(String), 2026-05-04 20:31:15.228(Timestamp), 2026-05-04 20:31:15.228(Timestamp)
31:15.244 [39mDEBUG[0;39m [34mc.j.t.m.m.TicketMapper.insert :137 [0;39m http-nio-9091-exec-6 [32m1777897875226h89  [0;39m <==    Updates: 1
31:15.244 [34mINFO [0;39m [34mc.j.t.common.aspect.LogAspect :88  [0;39m http-nio-9091-exec-6 [32m1777897875226h89  [0;39m ·µ»Ø½á¹û: {"success":true}
31:15.244 [34mINFO [0;39m [34mc.j.t.common.aspect.LogAspect :89  [0;39m http-nio-9091-exec-6 [32m1777897875226h89  [0;39m ------------- ½áÊø ºÄÊ±£º17 ms -------------
31:15.345 [34mINFO [0;39m [34mc.j.t.c.i.MemberInterceptor   :26  [0;39m http-nio-9091-exec-7 [32m1777897875344p1m  [0;39m MemberInterceptor¿ªÊ¼
31:15.345 [34mINFO [0;39m [34mc.j.t.c.i.MemberInterceptor   :36  [0;39m http-nio-9091-exec-7 [32m1777897875344p1m  [0;39m MemberInterceptor½áÊø
31:15.346 [34mINFO [0;39m [34mc.j.t.common.aspect.LogAspect :52  [0;39m http-nio-9091-exec-7 [32m1777897875344p1m  [0;39m ------------- ¿ªÊ¼ -------------
31:15.346 [34mINFO [0;39m [34mc.j.t.common.aspect.LogAspect :53  [0;39m http-nio-9091-exec-7 [32m1777897875344p1m  [0;39m ÇëÇóµØÖ·: http://127.0.0.1:9091/member/feign/ticket/save POST
31:15.346 [34mINFO [0;39m [34mc.j.t.common.aspect.LogAspect :54  [0;39m http-nio-9091-exec-7 [32m1777897875344p1m  [0;39m ÀàÃû·½·¨: com.jiawa.train.member.controller.feign.FeignTicketController.save
31:15.346 [34mINFO [0;39m [34mc.j.t.common.aspect.LogAspect :55  [0;39m http-nio-9091-exec-7 [32m1777897875344p1m  [0;39m Ô¶³ÌµØÖ·: 127.0.0.1
31:15.348 [34mINFO [0;39m [34mc.j.t.common.aspect.LogAspect :76  [0;39m http-nio-9091-exec-7 [32m1777897875344p1m  [0;39m ÇëÇó²ÎÊý: [{"carriageIndex":1,"endStation":"ÎäººÕ¾","endTime":21600000,"memberId":1994648397725962240,"passengerId":2003822171247480832,"passengerName":"¹ØÓð","seatCol":"C","seatRow":"05","seatType":"1","startStation":"³É¶¼¶«Õ¾","startTime":0,"trainCode":"GB123","trainDate":1777910400000}]
31:15.352 [39mDEBUG[0;39m [34mc.j.t.m.m.TicketMapper.insert :137 [0;39m http-nio-9091-exec-7 [32m1777897875344p1m  [0;39m ==>  Preparing: insert into ticket (id, member_id, passenger_id, passenger_name, train_date, train_code, carriage_index, seat_row, seat_col, start_station, start_time, end_station, end_time, seat_type, create_time, update_time) values (?, ?, ?, ?, ?, ?, ?, ?, ?, ?, ?, ?, ?, ?, ?, ?)
31:15.356 [39mDEBUG[0;39m [34mc.j.t.m.m.TicketMapper.insert :137 [0;39m http-nio-9091-exec-7 [32m1777897875344p1m  [0;39m ==> Parameters: 2051278480628387840(Long), 1994648397725962240(Long), 2003822171247480832(Long), ¹ØÓð(String), 2026-05-05(Date), GB123(String), 1(Integer), 05(String), C(String), ³É¶¼¶«Õ¾(String), 08:00:00(Time), ÎäººÕ¾(String), 14:00:00(Time), 1(String), 2026-05-04 20:31:15.35(Timestamp), 2026-05-04 20:31:15.35(Timestamp)
31:15.361 [39mDEBUG[0;39m [34mc.j.t.m.m.TicketMapper.insert :137 [0;39m http-nio-9091-exec-7 [32m1777897875344p1m  [0;39m <==    Updates: 1
31:15.361 [34mINFO [0;39m [34mc.j.t.common.aspect.LogAspect :88  [0;39m http-nio-9091-exec-7 [32m1777897875344p1m  [0;39m ·µ»Ø½á¹û: {"success":true}
31:15.362 [34mINFO [0;39m [34mc.j.t.common.aspect.LogAspect :89  [0;39m http-nio-9091-exec-7 [32m1777897875344p1m  [0;39m ------------- ½áÊø ºÄÊ±£º16 ms -------------
31:15.422 [34mINFO [0;39m [34mc.j.t.c.i.MemberInterceptor   :26  [0;39m http-nio-9091-exec-8 [32m17778978754228ai  [0;39m MemberInterceptor¿ªÊ¼
31:15.422 [34mINFO [0;39m [34mc.j.t.c.i.MemberInterceptor   :36  [0;39m http-nio-9091-exec-8 [32m17778978754228ai  [0;39m MemberInterceptor½áÊø
31:15.423 [34mINFO [0;39m [34mc.j.t.common.aspect.LogAspect :52  [0;39m http-nio-9091-exec-8 [32m17778978754228ai  [0;39m ------------- ¿ªÊ¼ -------------
31:15.423 [34mINFO [0;39m [34mc.j.t.common.aspect.LogAspect :53  [0;39m http-nio-9091-exec-8 [32m17778978754228ai  [0;39m ÇëÇóµØÖ·: http://127.0.0.1:9091/member/feign/ticket/save POST
31:15.423 [34mINFO [0;39m [34mc.j.t.common.aspect.LogAspect :54  [0;39m http-nio-9091-exec-8 [32m17778978754228ai  [0;39m ÀàÃû·½·¨: com.jiawa.train.member.controller.feign.FeignTicketController.save
31:15.423 [34mINFO [0;39m [34mc.j.t.common.aspect.LogAspect :55  [0;39m http-nio-9091-exec-8 [32m17778978754228ai  [0;39m Ô¶³ÌµØÖ·: 127.0.0.1
31:15.424 [34mINFO [0;39m [34mc.j.t.common.aspect.LogAspect :76  [0;39m http-nio-9091-exec-8 [32m17778978754228ai  [0;39m ÇëÇó²ÎÊý: [{"carriageIndex":2,"endStation":"ÎäººÕ¾","endTime":21600000,"memberId":1994648397725962240,"passengerId":2003822171247480832,"passengerName":"¹ØÓð","seatCol":"F","seatRow":"02","seatType":"1","startStation":"³É¶¼¶«Õ¾","startTime":0,"trainCode":"GB123","trainDate":1777910400000}]
31:15.424 [39mDEBUG[0;39m [34mc.j.t.m.m.TicketMapper.insert :137 [0;39m http-nio-9091-exec-8 [32m17778978754228ai  [0;39m ==>  Preparing: insert into ticket (id, member_id, passenger_id, passenger_name, train_date, train_code, carriage_index, seat_row, seat_col, start_station, start_time, end_station, end_time, seat_type, create_time, update_time) values (?, ?, ?, ?, ?, ?, ?, ?, ?, ?, ?, ?, ?, ?, ?, ?)
31:15.430 [39mDEBUG[0;39m [34mc.j.t.m.m.TicketMapper.insert :137 [0;39m http-nio-9091-exec-8 [32m17778978754228ai  [0;39m ==> Parameters: 2051278480938766336(Long), 1994648397725962240(Long), 2003822171247480832(Long), ¹ØÓð(String), 2026-05-05(Date), GB123(String), 2(Integer), 02(String), F(String), ³É¶¼¶«Õ¾(String), 08:00:00(Time), ÎäººÕ¾(String), 14:00:00(Time), 1(String), 2026-05-04 20:31:15.424(Timestamp), 2026-05-04 20:31:15.424(Timestamp)
31:15.437 [39mDEBUG[0;39m [34mc.j.t.m.m.TicketMapper.insert :137 [0;39m http-nio-9091-exec-8 [32m17778978754228ai  [0;39m <==    Updates: 1
31:15.438 [34mINFO [0;39m [34mc.j.t.common.aspect.LogAspect :88  [0;39m http-nio-9091-exec-8 [32m17778978754228ai  [0;39m ·µ»Ø½á¹û: {"success":true}
31:15.438 [34mINFO [0;39m [34mc.j.t.common.aspect.LogAspect :89  [0;39m http-nio-9091-exec-8 [32m17778978754228ai  [0;39m ------------- ½áÊø ºÄÊ±£º15 ms -------------
31:15.474 [34mINFO [0;39m [34mc.j.t.c.i.MemberInterceptor   :26  [0;39m http-nio-9091-exec-9 [32m1777897875474m4f  [0;39m MemberInterceptor¿ªÊ¼
31:15.475 [34mINFO [0;39m [34mc.j.t.c.i.MemberInterceptor   :36  [0;39m http-nio-9091-exec-9 [32m1777897875474m4f  [0;39m MemberInterceptor½áÊø
31:15.476 [34mINFO [0;39m [34mc.j.t.common.aspect.LogAspect :52  [0;39m http-nio-9091-exec-9 [32m1777897875474m4f  [0;39m ------------- ¿ªÊ¼ -------------
31:15.476 [34mINFO [0;39m [34mc.j.t.common.aspect.LogAspect :53  [0;39m http-nio-9091-exec-9 [32m1777897875474m4f  [0;39m ÇëÇóµØÖ·: http://127.0.0.1:9091/member/feign/ticket/save POST
31:15.476 [34mINFO [0;39m [34mc.j.t.common.aspect.LogAspect :54  [0;39m http-nio-9091-exec-9 [32m1777897875474m4f  [0;39m ÀàÃû·½·¨: com.jiawa.train.member.controller.feign.FeignTicketController.save
31:15.476 [34mINFO [0;39m [34mc.j.t.common.aspect.LogAspect :55  [0;39m http-nio-9091-exec-9 [32m1777897875474m4f  [0;39m Ô¶³ÌµØÖ·: 127.0.0.1
31:15.476 [34mINFO [0;39m [34mc.j.t.common.aspect.LogAspect :76  [0;39m http-nio-9091-exec-9 [32m1777897875474m4f  [0;39m ÇëÇó²ÎÊý: [{"carriageIndex":1,"endStation":"ÎäººÕ¾","endTime":21600000,"memberId":1994648397725962240,"passengerId":2003822171247480832,"passengerName":"¹ØÓð","seatCol":"D","seatRow":"09","seatType":"1","startStation":"³É¶¼¶«Õ¾","startTime":0,"trainCode":"GB123","trainDate":1777910400000}]
31:15.477 [39mDEBUG[0;39m [34mc.j.t.m.m.TicketMapper.insert :137 [0;39m http-nio-9091-exec-9 [32m1777897875474m4f  [0;39m ==>  Preparing: insert into ticket (id, member_id, passenger_id, passenger_name, train_date, train_code, carriage_index, seat_row, seat_col, start_station, start_time, end_station, end_time, seat_type, create_time, update_time) values (?, ?, ?, ?, ?, ?, ?, ?, ?, ?, ?, ?, ?, ?, ?, ?)
31:15.478 [39mDEBUG[0;39m [34mc.j.t.m.m.TicketMapper.insert :137 [0;39m http-nio-9091-exec-9 [32m1777897875474m4f  [0;39m ==> Parameters: 2051278481161064448(Long), 1994648397725962240(Long), 2003822171247480832(Long), ¹ØÓð(String), 2026-05-05(Date), GB123(String), 1(Integer), 09(String), D(String), ³É¶¼¶«Õ¾(String), 08:00:00(Time), ÎäººÕ¾(String), 14:00:00(Time), 1(String), 2026-05-04 20:31:15.476(Timestamp), 2026-05-04 20:31:15.476(Timestamp)
31:15.482 [39mDEBUG[0;39m [34mc.j.t.m.m.TicketMapper.insert :137 [0;39m http-nio-9091-exec-9 [32m1777897875474m4f  [0;39m <==    Updates: 1
31:15.482 [34mINFO [0;39m [34mc.j.t.common.aspect.LogAspect :88  [0;39m http-nio-9091-exec-9 [32m1777897875474m4f  [0;39m ·µ»Ø½á¹û: {"success":true}
31:15.483 [34mINFO [0;39m [34mc.j.t.common.aspect.LogAspect :89  [0;39m http-nio-9091-exec-9 [32m1777897875474m4f  [0;39m ------------- ½áÊø ºÄÊ±£º7 ms -------------
31:15.540 [34mINFO [0;39m [34mc.j.t.c.i.MemberInterceptor   :26  [0;39m http-nio-9091-exec-10 [32m1777897875540rpn  [0;39m MemberInterceptor¿ªÊ¼
31:15.541 [34mINFO [0;39m [34mc.j.t.c.i.MemberInterceptor   :36  [0;39m http-nio-9091-exec-10 [32m1777897875540rpn  [0;39m MemberInterceptor½áÊø
31:15.543 [34mINFO [0;39m [34mc.j.t.common.aspect.LogAspect :52  [0;39m http-nio-9091-exec-10 [32m1777897875540rpn  [0;39m ------------- ¿ªÊ¼ -------------
31:15.543 [34mINFO [0;39m [34mc.j.t.common.aspect.LogAspect :53  [0;39m http-nio-9091-exec-10 [32m1777897875540rpn  [0;39m ÇëÇóµØÖ·: http://127.0.0.1:9091/member/feign/ticket/save POST
31:15.543 [34mINFO [0;39m [34mc.j.t.common.aspect.LogAspect :54  [0;39m http-nio-9091-exec-10 [32m1777897875540rpn  [0;39m ÀàÃû·½·¨: com.jiawa.train.member.controller.feign.FeignTicketController.save
31:15.543 [34mINFO [0;39m [34mc.j.t.common.aspect.LogAspect :55  [0;39m http-nio-9091-exec-10 [32m1777897875540rpn  [0;39m Ô¶³ÌµØÖ·: 127.0.0.1
31:15.544 [34mINFO [0;39m [34mc.j.t.common.aspect.LogAspect :76  [0;39m http-nio-9091-exec-10 [32m1777897875540rpn  [0;39m ÇëÇó²ÎÊý: [{"carriageIndex":1,"endStation":"ÎäººÕ¾","endTime":21600000,"memberId":1994648397725962240,"passengerId":2003822171247480832,"passengerName":"¹ØÓð","seatCol":"F","seatRow":"04","seatType":"1","startStation":"³É¶¼¶«Õ¾","startTime":0,"trainCode":"GB123","trainDate":1777910400000}]
31:15.545 [39mDEBUG[0;39m [34mc.j.t.m.m.TicketMapper.insert :137 [0;39m http-nio-9091-exec-10 [32m1777897875540rpn  [0;39m ==>  Preparing: insert into ticket (id, member_id, passenger_id, passenger_name, train_date, train_code, carriage_index, seat_row, seat_col, start_station, start_time, end_station, end_time, seat_type, create_time, update_time) values (?, ?, ?, ?, ?, ?, ?, ?, ?, ?, ?, ?, ?, ?, ?, ?)
31:15.546 [39mDEBUG[0;39m [34mc.j.t.m.m.TicketMapper.insert :137 [0;39m http-nio-9091-exec-10 [32m1777897875540rpn  [0;39m ==> Parameters: 2051278481446277120(Long), 1994648397725962240(Long), 2003822171247480832(Long), ¹ØÓð(String), 2026-05-05(Date), GB123(String), 1(Integer), 04(String), F(String), ³É¶¼¶«Õ¾(String), 08:00:00(Time), ÎäººÕ¾(String), 14:00:00(Time), 1(String), 2026-05-04 20:31:15.544(Timestamp), 2026-05-04 20:31:15.544(Timestamp)
31:15.552 [39mDEBUG[0;39m [34mc.j.t.m.m.TicketMapper.insert :137 [0;39m http-nio-9091-exec-10 [32m1777897875540rpn  [0;39m <==    Updates: 1
31:15.553 [34mINFO [0;39m [34mc.j.t.common.aspect.LogAspect :88  [0;39m http-nio-9091-exec-10 [32m1777897875540rpn  [0;39m ·µ»Ø½á¹û: {"success":true}
31:15.553 [34mINFO [0;39m [34mc.j.t.common.aspect.LogAspect :89  [0;39m http-nio-9091-exec-10 [32m1777897875540rpn  [0;39m ------------- ½áÊø ºÄÊ±£º10 ms -------------
31:15.601 [34mINFO [0;39m [34mc.j.t.c.i.MemberInterceptor   :26  [0;39m http-nio-9091-exec-1 [32m1777897875601cra  [0;39m MemberInterceptor¿ªÊ¼
31:15.601 [34mINFO [0;39m [34mc.j.t.c.i.MemberInterceptor   :36  [0;39m http-nio-9091-exec-1 [32m1777897875601cra  [0;39m MemberInterceptor½áÊø
31:15.602 [34mINFO [0;39m [34mc.j.t.common.aspect.LogAspect :52  [0;39m http-nio-9091-exec-1 [32m1777897875601cra  [0;39m ------------- ¿ªÊ¼ -------------
31:15.602 [34mINFO [0;39m [34mc.j.t.common.aspect.LogAspect :53  [0;39m http-nio-9091-exec-1 [32m1777897875601cra  [0;39m ÇëÇóµØÖ·: http://127.0.0.1:9091/member/feign/ticket/save POST
31:15.602 [34mINFO [0;39m [34mc.j.t.common.aspect.LogAspect :54  [0;39m http-nio-9091-exec-1 [32m1777897875601cra  [0;39m ÀàÃû·½·¨: com.jiawa.train.member.controller.feign.FeignTicketController.save
31:15.603 [34mINFO [0;39m [34mc.j.t.common.aspect.LogAspect :55  [0;39m http-nio-9091-exec-1 [32m1777897875601cra  [0;39m Ô¶³ÌµØÖ·: 127.0.0.1
31:15.603 [34mINFO [0;39m [34mc.j.t.common.aspect.LogAspect :76  [0;39m http-nio-9091-exec-1 [32m1777897875601cra  [0;39m ÇëÇó²ÎÊý: [{"carriageIndex":2,"endStation":"ÎäººÕ¾","endTime":21600000,"memberId":1994648397725962240,"passengerId":2003822171247480832,"passengerName":"¹ØÓð","seatCol":"C","seatRow":"03","seatType":"1","startStation":"³É¶¼¶«Õ¾","startTime":0,"trainCode":"GB123","trainDate":1777910400000}]
31:15.603 [39mDEBUG[0;39m [34mc.j.t.m.m.TicketMapper.insert :137 [0;39m http-nio-9091-exec-1 [32m1777897875601cra  [0;39m ==>  Preparing: insert into ticket (id, member_id, passenger_id, passenger_name, train_date, train_code, carriage_index, seat_row, seat_col, start_station, start_time, end_station, end_time, seat_type, create_time, update_time) values (?, ?, ?, ?, ?, ?, ?, ?, ?, ?, ?, ?, ?, ?, ?, ?)
31:15.604 [39mDEBUG[0;39m [34mc.j.t.m.m.TicketMapper.insert :137 [0;39m http-nio-9091-exec-1 [32m1777897875601cra  [0;39m ==> Parameters: 2051278481689546752(Long), 1994648397725962240(Long), 2003822171247480832(Long), ¹ØÓð(String), 2026-05-05(Date), GB123(String), 2(Integer), 03(String), C(String), ³É¶¼¶«Õ¾(String), 08:00:00(Time), ÎäººÕ¾(String), 14:00:00(Time), 1(String), 2026-05-04 20:31:15.603(Timestamp), 2026-05-04 20:31:15.603(Timestamp)
31:15.612 [39mDEBUG[0;39m [34mc.j.t.m.m.TicketMapper.insert :137 [0;39m http-nio-9091-exec-1 [32m1777897875601cra  [0;39m <==    Updates: 1
31:15.613 [34mINFO [0;39m [34mc.j.t.common.aspect.LogAspect :88  [0;39m http-nio-9091-exec-1 [32m1777897875601cra  [0;39m ·µ»Ø½á¹û: {"success":true}
31:15.613 [34mINFO [0;39m [34mc.j.t.common.aspect.LogAspect :89  [0;39m http-nio-9091-exec-1 [32m1777897875601cra  [0;39m ------------- ½áÊø ºÄÊ±£º11 ms -------------
31:15.662 [34mINFO [0;39m [34mc.j.t.c.i.MemberInterceptor   :26  [0;39m http-nio-9091-exec-2 [32m1777897875662y45  [0;39m MemberInterceptor¿ªÊ¼
31:15.663 [34mINFO [0;39m [34mc.j.t.c.i.MemberInterceptor   :36  [0;39m http-nio-9091-exec-2 [32m1777897875662y45  [0;39m MemberInterceptor½áÊø
31:15.665 [34mINFO [0;39m [34mc.j.t.common.aspect.LogAspect :52  [0;39m http-nio-9091-exec-2 [32m1777897875662y45  [0;39m ------------- ¿ªÊ¼ -------------
31:15.665 [34mINFO [0;39m [34mc.j.t.common.aspect.LogAspect :53  [0;39m http-nio-9091-exec-2 [32m1777897875662y45  [0;39m ÇëÇóµØÖ·: http://127.0.0.1:9091/member/feign/ticket/save POST
31:15.666 [34mINFO [0;39m [34mc.j.t.common.aspect.LogAspect :54  [0;39m http-nio-9091-exec-2 [32m1777897875662y45  [0;39m ÀàÃû·½·¨: com.jiawa.train.member.controller.feign.FeignTicketController.save
31:15.666 [34mINFO [0;39m [34mc.j.t.common.aspect.LogAspect :55  [0;39m http-nio-9091-exec-2 [32m1777897875662y45  [0;39m Ô¶³ÌµØÖ·: 127.0.0.1
31:15.666 [34mINFO [0;39m [34mc.j.t.common.aspect.LogAspect :76  [0;39m http-nio-9091-exec-2 [32m1777897875662y45  [0;39m ÇëÇó²ÎÊý: [{"carriageIndex":2,"endStation":"ÎäººÕ¾","endTime":21600000,"memberId":1994648397725962240,"passengerId":2003822171247480832,"passengerName":"¹ØÓð","seatCol":"A","seatRow":"05","seatType":"1","startStation":"³É¶¼¶«Õ¾","startTime":0,"trainCode":"GB123","trainDate":1777910400000}]
31:15.667 [39mDEBUG[0;39m [34mc.j.t.m.m.TicketMapper.insert :137 [0;39m http-nio-9091-exec-2 [32m1777897875662y45  [0;39m ==>  Preparing: insert into ticket (id, member_id, passenger_id, passenger_name, train_date, train_code, carriage_index, seat_row, seat_col, start_station, start_time, end_station, end_time, seat_type, create_time, update_time) values (?, ?, ?, ?, ?, ?, ?, ?, ?, ?, ?, ?, ?, ?, ?, ?)
31:15.668 [39mDEBUG[0;39m [34mc.j.t.m.m.TicketMapper.insert :137 [0;39m http-nio-9091-exec-2 [32m1777897875662y45  [0;39m ==> Parameters: 2051278481953787904(Long), 1994648397725962240(Long), 2003822171247480832(Long), ¹ØÓð(String), 2026-05-05(Date), GB123(String), 2(Integer), 05(String), A(String), ³É¶¼¶«Õ¾(String), 08:00:00(Time), ÎäººÕ¾(String), 14:00:00(Time), 1(String), 2026-05-04 20:31:15.666(Timestamp), 2026-05-04 20:31:15.666(Timestamp)
31:15.672 [39mDEBUG[0;39m [34mc.j.t.m.m.TicketMapper.insert :137 [0;39m http-nio-9091-exec-2 [32m1777897875662y45  [0;39m <==    Updates: 1
31:15.673 [34mINFO [0;39m [34mc.j.t.common.aspect.LogAspect :88  [0;39m http-nio-9091-exec-2 [32m1777897875662y45  [0;39m ·µ»Ø½á¹û: {"success":true}
31:15.673 [34mINFO [0;39m [34mc.j.t.common.aspect.LogAspect :89  [0;39m http-nio-9091-exec-2 [32m1777897875662y45  [0;39m ------------- ½áÊø ºÄÊ±£º8 ms -------------
31:15.725 [34mINFO [0;39m [34mc.j.t.c.i.MemberInterceptor   :26  [0;39m http-nio-9091-exec-3 [32m1777897875725sb4  [0;39m MemberInterceptor¿ªÊ¼
31:15.725 [34mINFO [0;39m [34mc.j.t.c.i.MemberInterceptor   :36  [0;39m http-nio-9091-exec-3 [32m1777897875725sb4  [0;39m MemberInterceptor½áÊø
31:15.726 [34mINFO [0;39m [34mc.j.t.common.aspect.LogAspect :52  [0;39m http-nio-9091-exec-3 [32m1777897875725sb4  [0;39m ------------- ¿ªÊ¼ -------------
31:15.727 [34mINFO [0;39m [34mc.j.t.common.aspect.LogAspect :53  [0;39m http-nio-9091-exec-3 [32m1777897875725sb4  [0;39m ÇëÇóµØÖ·: http://127.0.0.1:9091/member/feign/ticket/save POST
31:15.727 [34mINFO [0;39m [34mc.j.t.common.aspect.LogAspect :54  [0;39m http-nio-9091-exec-3 [32m1777897875725sb4  [0;39m ÀàÃû·½·¨: com.jiawa.train.member.controller.feign.FeignTicketController.save
31:15.727 [34mINFO [0;39m [34mc.j.t.common.aspect.LogAspect :55  [0;39m http-nio-9091-exec-3 [32m1777897875725sb4  [0;39m Ô¶³ÌµØÖ·: 127.0.0.1
31:15.727 [34mINFO [0;39m [34mc.j.t.common.aspect.LogAspect :76  [0;39m http-nio-9091-exec-3 [32m1777897875725sb4  [0;39m ÇëÇó²ÎÊý: [{"carriageIndex":2,"endStation":"ÎäººÕ¾","endTime":21600000,"memberId":1994648397725962240,"passengerId":2003822171247480832,"passengerName":"¹ØÓð","seatCol":"F","seatRow":"01","seatType":"1","startStation":"³É¶¼¶«Õ¾","startTime":0,"trainCode":"GB123","trainDate":1777910400000}]
31:15.727 [39mDEBUG[0;39m [34mc.j.t.m.m.TicketMapper.insert :137 [0;39m http-nio-9091-exec-3 [32m1777897875725sb4  [0;39m ==>  Preparing: insert into ticket (id, member_id, passenger_id, passenger_name, train_date, train_code, carriage_index, seat_row, seat_col, start_station, start_time, end_station, end_time, seat_type, create_time, update_time) values (?, ?, ?, ?, ?, ?, ?, ?, ?, ?, ?, ?, ?, ?, ?, ?)
31:15.729 [39mDEBUG[0;39m [34mc.j.t.m.m.TicketMapper.insert :137 [0;39m http-nio-9091-exec-3 [32m1777897875725sb4  [0;39m ==> Parameters: 2051278482209640448(Long), 1994648397725962240(Long), 2003822171247480832(Long), ¹ØÓð(String), 2026-05-05(Date), GB123(String), 2(Integer), 01(String), F(String), ³É¶¼¶«Õ¾(String), 08:00:00(Time), ÎäººÕ¾(String), 14:00:00(Time), 1(String), 2026-05-04 20:31:15.727(Timestamp), 2026-05-04 20:31:15.727(Timestamp)
31:15.733 [39mDEBUG[0;39m [34mc.j.t.m.m.TicketMapper.insert :137 [0;39m http-nio-9091-exec-3 [32m1777897875725sb4  [0;39m <==    Updates: 1
31:15.734 [34mINFO [0;39m [34mc.j.t.common.aspect.LogAspect :88  [0;39m http-nio-9091-exec-3 [32m1777897875725sb4  [0;39m ·µ»Ø½á¹û: {"success":true}
31:15.734 [34mINFO [0;39m [34mc.j.t.common.aspect.LogAspect :89  [0;39m http-nio-9091-exec-3 [32m1777897875725sb4  [0;39m ------------- ½áÊø ºÄÊ±£º8 ms -------------
31:15.788 [34mINFO [0;39m [34mc.j.t.c.i.MemberInterceptor   :26  [0;39m http-nio-9091-exec-4 [32m1777897875788aa2  [0;39m MemberInterceptor¿ªÊ¼
31:15.788 [34mINFO [0;39m [34mc.j.t.c.i.MemberInterceptor   :36  [0;39m http-nio-9091-exec-4 [32m1777897875788aa2  [0;39m MemberInterceptor½áÊø
31:15.789 [34mINFO [0;39m [34mc.j.t.common.aspect.LogAspect :52  [0;39m http-nio-9091-exec-4 [32m1777897875788aa2  [0;39m ------------- ¿ªÊ¼ -------------
31:15.789 [34mINFO [0;39m [34mc.j.t.common.aspect.LogAspect :53  [0;39m http-nio-9091-exec-4 [32m1777897875788aa2  [0;39m ÇëÇóµØÖ·: http://127.0.0.1:9091/member/feign/ticket/save POST
31:15.790 [34mINFO [0;39m [34mc.j.t.common.aspect.LogAspect :54  [0;39m http-nio-9091-exec-4 [32m1777897875788aa2  [0;39m ÀàÃû·½·¨: com.jiawa.train.member.controller.feign.FeignTicketController.save
31:15.790 [34mINFO [0;39m [34mc.j.t.common.aspect.LogAspect :55  [0;39m http-nio-9091-exec-4 [32m1777897875788aa2  [0;39m Ô¶³ÌµØÖ·: 127.0.0.1
31:15.790 [34mINFO [0;39m [34mc.j.t.common.aspect.LogAspect :76  [0;39m http-nio-9091-exec-4 [32m1777897875788aa2  [0;39m ÇëÇó²ÎÊý: [{"carriageIndex":1,"endStation":"ÎäººÕ¾","endTime":21600000,"memberId":1994648397725962240,"passengerId":2003822171247480832,"passengerName":"¹ØÓð","seatCol":"F","seatRow":"07","seatType":"1","startStation":"³É¶¼¶«Õ¾","startTime":0,"trainCode":"GB123","trainDate":1777910400000}]
31:15.790 [39mDEBUG[0;39m [34mc.j.t.m.m.TicketMapper.insert :137 [0;39m http-nio-9091-exec-4 [32m1777897875788aa2  [0;39m ==>  Preparing: insert into ticket (id, member_id, passenger_id, passenger_name, train_date, train_code, carriage_index, seat_row, seat_col, start_station, start_time, end_station, end_time, seat_type, create_time, update_time) values (?, ?, ?, ?, ?, ?, ?, ?, ?, ?, ?, ?, ?, ?, ?, ?)
31:15.791 [39mDEBUG[0;39m [34mc.j.t.m.m.TicketMapper.insert :137 [0;39m http-nio-9091-exec-4 [32m1777897875788aa2  [0;39m ==> Parameters: 2051278482473881600(Long), 1994648397725962240(Long), 2003822171247480832(Long), ¹ØÓð(String), 2026-05-05(Date), GB123(String), 1(Integer), 07(String), F(String), ³É¶¼¶«Õ¾(String), 08:00:00(Time), ÎäººÕ¾(String), 14:00:00(Time), 1(String), 2026-05-04 20:31:15.79(Timestamp), 2026-05-04 20:31:15.79(Timestamp)
31:15.796 [39mDEBUG[0;39m [34mc.j.t.m.m.TicketMapper.insert :137 [0;39m http-nio-9091-exec-4 [32m1777897875788aa2  [0;39m <==    Updates: 1
31:15.796 [34mINFO [0;39m [34mc.j.t.common.aspect.LogAspect :88  [0;39m http-nio-9091-exec-4 [32m1777897875788aa2  [0;39m ·µ»Ø½á¹û: {"success":true}
31:15.796 [34mINFO [0;39m [34mc.j.t.common.aspect.LogAspect :89  [0;39m http-nio-9091-exec-4 [32m1777897875788aa2  [0;39m ------------- ½áÊø ºÄÊ±£º7 ms -------------
31:15.834 [34mINFO [0;39m [34mc.j.t.c.i.MemberInterceptor   :26  [0;39m http-nio-9091-exec-5 [32m1777897875834mfc  [0;39m MemberInterceptor¿ªÊ¼
31:15.835 [34mINFO [0;39m [34mc.j.t.c.i.MemberInterceptor   :36  [0;39m http-nio-9091-exec-5 [32m1777897875834mfc  [0;39m MemberInterceptor½áÊø
31:15.835 [34mINFO [0;39m [34mc.j.t.common.aspect.LogAspect :52  [0;39m http-nio-9091-exec-5 [32m1777897875834mfc  [0;39m ------------- ¿ªÊ¼ -------------
31:15.836 [34mINFO [0;39m [34mc.j.t.common.aspect.LogAspect :53  [0;39m http-nio-9091-exec-5 [32m1777897875834mfc  [0;39m ÇëÇóµØÖ·: http://127.0.0.1:9091/member/feign/ticket/save POST
31:15.836 [34mINFO [0;39m [34mc.j.t.common.aspect.LogAspect :54  [0;39m http-nio-9091-exec-5 [32m1777897875834mfc  [0;39m ÀàÃû·½·¨: com.jiawa.train.member.controller.feign.FeignTicketController.save
31:15.836 [34mINFO [0;39m [34mc.j.t.common.aspect.LogAspect :55  [0;39m http-nio-9091-exec-5 [32m1777897875834mfc  [0;39m Ô¶³ÌµØÖ·: 127.0.0.1
31:15.836 [34mINFO [0;39m [34mc.j.t.common.aspect.LogAspect :76  [0;39m http-nio-9091-exec-5 [32m1777897875834mfc  [0;39m ÇëÇó²ÎÊý: [{"carriageIndex":1,"endStation":"ÎäººÕ¾","endTime":21600000,"memberId":1994648397725962240,"passengerId":2003822171247480832,"passengerName":"¹ØÓð","seatCol":"F","seatRow":"10","seatType":"1","startStation":"³É¶¼¶«Õ¾","startTime":0,"trainCode":"GB123","trainDate":1777910400000}]
31:15.837 [39mDEBUG[0;39m [34mc.j.t.m.m.TicketMapper.insert :137 [0;39m http-nio-9091-exec-5 [32m1777897875834mfc  [0;39m ==>  Preparing: insert into ticket (id, member_id, passenger_id, passenger_name, train_date, train_code, carriage_index, seat_row, seat_col, start_station, start_time, end_station, end_time, seat_type, create_time, update_time) values (?, ?, ?, ?, ?, ?, ?, ?, ?, ?, ?, ?, ?, ?, ?, ?)
31:15.839 [39mDEBUG[0;39m [34mc.j.t.m.m.TicketMapper.insert :137 [0;39m http-nio-9091-exec-5 [32m1777897875834mfc  [0;39m ==> Parameters: 2051278482671013888(Long), 1994648397725962240(Long), 2003822171247480832(Long), ¹ØÓð(String), 2026-05-05(Date), GB123(String), 1(Integer), 10(String), F(String), ³É¶¼¶«Õ¾(String), 08:00:00(Time), ÎäººÕ¾(String), 14:00:00(Time), 1(String), 2026-05-04 20:31:15.836(Timestamp), 2026-05-04 20:31:15.836(Timestamp)
31:15.842 [39mDEBUG[0;39m [34mc.j.t.m.m.TicketMapper.insert :137 [0;39m http-nio-9091-exec-5 [32m1777897875834mfc  [0;39m <==    Updates: 1
31:15.843 [34mINFO [0;39m [34mc.j.t.common.aspect.LogAspect :88  [0;39m http-nio-9091-exec-5 [32m1777897875834mfc  [0;39m ·µ»Ø½á¹û: {"success":true}
31:15.843 [34mINFO [0;39m [34mc.j.t.common.aspect.LogAspect :89  [0;39m http-nio-9091-exec-5 [32m1777897875834mfc  [0;39m ------------- ½áÊø ºÄÊ±£º8 ms -------------
31:15.903 [34mINFO [0;39m [34mc.j.t.c.i.MemberInterceptor   :26  [0;39m http-nio-9091-exec-6 [32m1777897875903h0d  [0;39m MemberInterceptor¿ªÊ¼
31:15.903 [34mINFO [0;39m [34mc.j.t.c.i.MemberInterceptor   :36  [0;39m http-nio-9091-exec-6 [32m1777897875903h0d  [0;39m MemberInterceptor½áÊø
31:15.906 [34mINFO [0;39m [34mc.j.t.common.aspect.LogAspect :52  [0;39m http-nio-9091-exec-6 [32m1777897875903h0d  [0;39m ------------- ¿ªÊ¼ -------------
31:15.907 [34mINFO [0;39m [34mc.j.t.common.aspect.LogAspect :53  [0;39m http-nio-9091-exec-6 [32m1777897875903h0d  [0;39m ÇëÇóµØÖ·: http://127.0.0.1:9091/member/feign/ticket/save POST
31:15.907 [34mINFO [0;39m [34mc.j.t.common.aspect.LogAspect :54  [0;39m http-nio-9091-exec-6 [32m1777897875903h0d  [0;39m ÀàÃû·½·¨: com.jiawa.train.member.controller.feign.FeignTicketController.save
31:15.907 [34mINFO [0;39m [34mc.j.t.common.aspect.LogAspect :55  [0;39m http-nio-9091-exec-6 [32m1777897875903h0d  [0;39m Ô¶³ÌµØÖ·: 127.0.0.1
31:15.907 [34mINFO [0;39m [34mc.j.t.common.aspect.LogAspect :76  [0;39m http-nio-9091-exec-6 [32m1777897875903h0d  [0;39m ÇëÇó²ÎÊý: [{"carriageIndex":2,"endStation":"ÎäººÕ¾","endTime":21600000,"memberId":1994648397725962240,"passengerId":2003822171247480832,"passengerName":"¹ØÓð","seatCol":"A","seatRow":"02","seatType":"1","startStation":"³É¶¼¶«Õ¾","startTime":0,"trainCode":"GB123","trainDate":1777910400000}]
31:15.908 [39mDEBUG[0;39m [34mc.j.t.m.m.TicketMapper.insert :137 [0;39m http-nio-9091-exec-6 [32m1777897875903h0d  [0;39m ==>  Preparing: insert into ticket (id, member_id, passenger_id, passenger_name, train_date, train_code, carriage_index, seat_row, seat_col, start_station, start_time, end_station, end_time, seat_type, create_time, update_time) values (?, ?, ?, ?, ?, ?, ?, ?, ?, ?, ?, ?, ?, ?, ?, ?)
31:15.910 [39mDEBUG[0;39m [34mc.j.t.m.m.TicketMapper.insert :137 [0;39m http-nio-9091-exec-6 [32m1777897875903h0d  [0;39m ==> Parameters: 2051278482964615168(Long), 1994648397725962240(Long), 2003822171247480832(Long), ¹ØÓð(String), 2026-05-05(Date), GB123(String), 2(Integer), 02(String), A(String), ³É¶¼¶«Õ¾(String), 08:00:00(Time), ÎäººÕ¾(String), 14:00:00(Time), 1(String), 2026-05-04 20:31:15.907(Timestamp), 2026-05-04 20:31:15.907(Timestamp)
31:15.913 [39mDEBUG[0;39m [34mc.j.t.m.m.TicketMapper.insert :137 [0;39m http-nio-9091-exec-6 [32m1777897875903h0d  [0;39m <==    Updates: 1
31:15.914 [34mINFO [0;39m [34mc.j.t.common.aspect.LogAspect :88  [0;39m http-nio-9091-exec-6 [32m1777897875903h0d  [0;39m ·µ»Ø½á¹û: {"success":true}
31:15.914 [34mINFO [0;39m [34mc.j.t.common.aspect.LogAspect :89  [0;39m http-nio-9091-exec-6 [32m1777897875903h0d  [0;39m ------------- ½áÊø ºÄÊ±£º8 ms -------------
31:15.953 [34mINFO [0;39m [34mc.j.t.c.i.MemberInterceptor   :26  [0;39m http-nio-9091-exec-7 [32m17778978759535mh  [0;39m MemberInterceptor¿ªÊ¼
31:15.953 [34mINFO [0;39m [34mc.j.t.c.i.MemberInterceptor   :36  [0;39m http-nio-9091-exec-7 [32m17778978759535mh  [0;39m MemberInterceptor½áÊø
31:15.955 [34mINFO [0;39m [34mc.j.t.common.aspect.LogAspect :52  [0;39m http-nio-9091-exec-7 [32m17778978759535mh  [0;39m ------------- ¿ªÊ¼ -------------
31:15.955 [34mINFO [0;39m [34mc.j.t.common.aspect.LogAspect :53  [0;39m http-nio-9091-exec-7 [32m17778978759535mh  [0;39m ÇëÇóµØÖ·: http://127.0.0.1:9091/member/feign/ticket/save POST
31:15.955 [34mINFO [0;39m [34mc.j.t.common.aspect.LogAspect :54  [0;39m http-nio-9091-exec-7 [32m17778978759535mh  [0;39m ÀàÃû·½·¨: com.jiawa.train.member.controller.feign.FeignTicketController.save
31:15.955 [34mINFO [0;39m [34mc.j.t.common.aspect.LogAspect :55  [0;39m http-nio-9091-exec-7 [32m17778978759535mh  [0;39m Ô¶³ÌµØÖ·: 127.0.0.1
31:15.956 [34mINFO [0;39m [34mc.j.t.common.aspect.LogAspect :76  [0;39m http-nio-9091-exec-7 [32m17778978759535mh  [0;39m ÇëÇó²ÎÊý: [{"carriageIndex":1,"endStation":"ÎäººÕ¾","endTime":21600000,"memberId":1994648397725962240,"passengerId":2003822171247480832,"passengerName":"¹ØÓð","seatCol":"D","seatRow":"03","seatType":"1","startStation":"³É¶¼¶«Õ¾","startTime":0,"trainCode":"GB123","trainDate":1777910400000}]
31:15.956 [39mDEBUG[0;39m [34mc.j.t.m.m.TicketMapper.insert :137 [0;39m http-nio-9091-exec-7 [32m17778978759535mh  [0;39m ==>  Preparing: insert into ticket (id, member_id, passenger_id, passenger_name, train_date, train_code, carriage_index, seat_row, seat_col, start_station, start_time, end_station, end_time, seat_type, create_time, update_time) values (?, ?, ?, ?, ?, ?, ?, ?, ?, ?, ?, ?, ?, ?, ?, ?)
31:15.958 [39mDEBUG[0;39m [34mc.j.t.m.m.TicketMapper.insert :137 [0;39m http-nio-9091-exec-7 [32m17778978759535mh  [0;39m ==> Parameters: 2051278483170136064(Long), 1994648397725962240(Long), 2003822171247480832(Long), ¹ØÓð(String), 2026-05-05(Date), GB123(String), 1(Integer), 03(String), D(String), ³É¶¼¶«Õ¾(String), 08:00:00(Time), ÎäººÕ¾(String), 14:00:00(Time), 1(String), 2026-05-04 20:31:15.956(Timestamp), 2026-05-04 20:31:15.956(Timestamp)
31:15.962 [39mDEBUG[0;39m [34mc.j.t.m.m.TicketMapper.insert :137 [0;39m http-nio-9091-exec-7 [32m17778978759535mh  [0;39m <==    Updates: 1
31:15.962 [34mINFO [0;39m [34mc.j.t.common.aspect.LogAspect :88  [0;39m http-nio-9091-exec-7 [32m17778978759535mh  [0;39m ·µ»Ø½á¹û: {"success":true}
31:15.962 [34mINFO [0;39m [34mc.j.t.common.aspect.LogAspect :89  [0;39m http-nio-9091-exec-7 [32m17778978759535mh  [0;39m ------------- ½áÊø ºÄÊ±£º7 ms -------------
31:16.004 [34mINFO [0;39m [34mc.j.t.c.i.MemberInterceptor   :26  [0;39m http-nio-9091-exec-8 [32m1777897876004kzp  [0;39m MemberInterceptor¿ªÊ¼
31:16.004 [34mINFO [0;39m [34mc.j.t.c.i.MemberInterceptor   :36  [0;39m http-nio-9091-exec-8 [32m1777897876004kzp  [0;39m MemberInterceptor½áÊø
31:16.005 [34mINFO [0;39m [34mc.j.t.common.aspect.LogAspect :52  [0;39m http-nio-9091-exec-8 [32m1777897876004kzp  [0;39m ------------- ¿ªÊ¼ -------------
31:16.006 [34mINFO [0;39m [34mc.j.t.common.aspect.LogAspect :53  [0;39m http-nio-9091-exec-8 [32m1777897876004kzp  [0;39m ÇëÇóµØÖ·: http://127.0.0.1:9091/member/feign/ticket/save POST
31:16.006 [34mINFO [0;39m [34mc.j.t.common.aspect.LogAspect :54  [0;39m http-nio-9091-exec-8 [32m1777897876004kzp  [0;39m ÀàÃû·½·¨: com.jiawa.train.member.controller.feign.FeignTicketController.save
31:16.006 [34mINFO [0;39m [34mc.j.t.common.aspect.LogAspect :55  [0;39m http-nio-9091-exec-8 [32m1777897876004kzp  [0;39m Ô¶³ÌµØÖ·: 127.0.0.1
31:16.006 [34mINFO [0;39m [34mc.j.t.common.aspect.LogAspect :76  [0;39m http-nio-9091-exec-8 [32m1777897876004kzp  [0;39m ÇëÇó²ÎÊý: [{"carriageIndex":2,"endStation":"ÎäººÕ¾","endTime":21600000,"memberId":1994648397725962240,"passengerId":2003822171247480832,"passengerName":"¹ØÓð","seatCol":"D","seatRow":"03","seatType":"1","startStation":"³É¶¼¶«Õ¾","startTime":0,"trainCode":"GB123","trainDate":1777910400000}]
31:16.007 [39mDEBUG[0;39m [34mc.j.t.m.m.TicketMapper.insert :137 [0;39m http-nio-9091-exec-8 [32m1777897876004kzp  [0;39m ==>  Preparing: insert into ticket (id, member_id, passenger_id, passenger_name, train_date, train_code, carriage_index, seat_row, seat_col, start_station, start_time, end_station, end_time, seat_type, create_time, update_time) values (?, ?, ?, ?, ?, ?, ?, ?, ?, ?, ?, ?, ?, ?, ?, ?)
31:16.008 [39mDEBUG[0;39m [34mc.j.t.m.m.TicketMapper.insert :137 [0;39m http-nio-9091-exec-8 [32m1777897876004kzp  [0;39m ==> Parameters: 2051278483379851264(Long), 1994648397725962240(Long), 2003822171247480832(Long), ¹ØÓð(String), 2026-05-05(Date), GB123(String), 2(Integer), 03(String), D(String), ³É¶¼¶«Õ¾(String), 08:00:00(Time), ÎäººÕ¾(String), 14:00:00(Time), 1(String), 2026-05-04 20:31:16.006(Timestamp), 2026-05-04 20:31:16.006(Timestamp)
31:16.012 [39mDEBUG[0;39m [34mc.j.t.m.m.TicketMapper.insert :137 [0;39m http-nio-9091-exec-8 [32m1777897876004kzp  [0;39m <==    Updates: 1
31:16.013 [34mINFO [0;39m [34mc.j.t.common.aspect.LogAspect :88  [0;39m http-nio-9091-exec-8 [32m1777897876004kzp  [0;39m ·µ»Ø½á¹û: {"success":true}
31:16.013 [34mINFO [0;39m [34mc.j.t.common.aspect.LogAspect :89  [0;39m http-nio-9091-exec-8 [32m1777897876004kzp  [0;39m ------------- ½áÊø ºÄÊ±£º8 ms -------------
31:16.052 [34mINFO [0;39m [34mc.j.t.c.i.MemberInterceptor   :26  [0;39m http-nio-9091-exec-9 [32m1777897876052ovk  [0;39m MemberInterceptor¿ªÊ¼
31:16.052 [34mINFO [0;39m [34mc.j.t.c.i.MemberInterceptor   :36  [0;39m http-nio-9091-exec-9 [32m1777897876052ovk  [0;39m MemberInterceptor½áÊø
31:16.053 [34mINFO [0;39m [34mc.j.t.common.aspect.LogAspect :52  [0;39m http-nio-9091-exec-9 [32m1777897876052ovk  [0;39m ------------- ¿ªÊ¼ -------------
31:16.054 [34mINFO [0;39m [34mc.j.t.common.aspect.LogAspect :53  [0;39m http-nio-9091-exec-9 [32m1777897876052ovk  [0;39m ÇëÇóµØÖ·: http://127.0.0.1:9091/member/feign/ticket/save POST
31:16.054 [34mINFO [0;39m [34mc.j.t.common.aspect.LogAspect :54  [0;39m http-nio-9091-exec-9 [32m1777897876052ovk  [0;39m ÀàÃû·½·¨: com.jiawa.train.member.controller.feign.FeignTicketController.save
31:16.054 [34mINFO [0;39m [34mc.j.t.common.aspect.LogAspect :55  [0;39m http-nio-9091-exec-9 [32m1777897876052ovk  [0;39m Ô¶³ÌµØÖ·: 127.0.0.1
31:16.054 [34mINFO [0;39m [34mc.j.t.common.aspect.LogAspect :76  [0;39m http-nio-9091-exec-9 [32m1777897876052ovk  [0;39m ÇëÇó²ÎÊý: [{"carriageIndex":2,"endStation":"ÎäººÕ¾","endTime":21600000,"memberId":1994648397725962240,"passengerId":2003822171247480832,"passengerName":"¹ØÓð","seatCol":"A","seatRow":"09","seatType":"1","startStation":"³É¶¼¶«Õ¾","startTime":0,"trainCode":"GB123","trainDate":1777910400000}]
31:16.055 [39mDEBUG[0;39m [34mc.j.t.m.m.TicketMapper.insert :137 [0;39m http-nio-9091-exec-9 [32m1777897876052ovk  [0;39m ==>  Preparing: insert into ticket (id, member_id, passenger_id, passenger_name, train_date, train_code, carriage_index, seat_row, seat_col, start_station, start_time, end_station, end_time, seat_type, create_time, update_time) values (?, ?, ?, ?, ?, ?, ?, ?, ?, ?, ?, ?, ?, ?, ?, ?)
31:16.055 [39mDEBUG[0;39m [34mc.j.t.m.m.TicketMapper.insert :137 [0;39m http-nio-9091-exec-9 [32m1777897876052ovk  [0;39m ==> Parameters: 2051278483585372160(Long), 1994648397725962240(Long), 2003822171247480832(Long), ¹ØÓð(String), 2026-05-05(Date), GB123(String), 2(Integer), 09(String), A(String), ³É¶¼¶«Õ¾(String), 08:00:00(Time), ÎäººÕ¾(String), 14:00:00(Time), 1(String), 2026-05-04 20:31:16.054(Timestamp), 2026-05-04 20:31:16.054(Timestamp)
31:16.059 [39mDEBUG[0;39m [34mc.j.t.m.m.TicketMapper.insert :137 [0;39m http-nio-9091-exec-9 [32m1777897876052ovk  [0;39m <==    Updates: 1
31:16.059 [34mINFO [0;39m [34mc.j.t.common.aspect.LogAspect :88  [0;39m http-nio-9091-exec-9 [32m1777897876052ovk  [0;39m ·µ»Ø½á¹û: {"success":true}
31:16.060 [34mINFO [0;39m [34mc.j.t.common.aspect.LogAspect :89  [0;39m http-nio-9091-exec-9 [32m1777897876052ovk  [0;39m ------------- ½áÊø ºÄÊ±£º7 ms -------------
31:16.091 [34mINFO [0;39m [34mc.j.t.c.i.MemberInterceptor   :26  [0;39m http-nio-9091-exec-10 [32m1777897876091p5d  [0;39m MemberInterceptor¿ªÊ¼
31:16.091 [34mINFO [0;39m [34mc.j.t.c.i.MemberInterceptor   :36  [0;39m http-nio-9091-exec-10 [32m1777897876091p5d  [0;39m MemberInterceptor½áÊø
31:16.092 [34mINFO [0;39m [34mc.j.t.common.aspect.LogAspect :52  [0;39m http-nio-9091-exec-10 [32m1777897876091p5d  [0;39m ------------- ¿ªÊ¼ -------------
31:16.092 [34mINFO [0;39m [34mc.j.t.common.aspect.LogAspect :53  [0;39m http-nio-9091-exec-10 [32m1777897876091p5d  [0;39m ÇëÇóµØÖ·: http://127.0.0.1:9091/member/feign/ticket/save POST
31:16.092 [34mINFO [0;39m [34mc.j.t.common.aspect.LogAspect :54  [0;39m http-nio-9091-exec-10 [32m1777897876091p5d  [0;39m ÀàÃû·½·¨: com.jiawa.train.member.controller.feign.FeignTicketController.save
31:16.093 [34mINFO [0;39m [34mc.j.t.common.aspect.LogAspect :55  [0;39m http-nio-9091-exec-10 [32m1777897876091p5d  [0;39m Ô¶³ÌµØÖ·: 127.0.0.1
31:16.093 [34mINFO [0;39m [34mc.j.t.common.aspect.LogAspect :76  [0;39m http-nio-9091-exec-10 [32m1777897876091p5d  [0;39m ÇëÇó²ÎÊý: [{"carriageIndex":1,"endStation":"ÎäººÕ¾","endTime":21600000,"memberId":1994648397725962240,"passengerId":2003822171247480832,"passengerName":"¹ØÓð","seatCol":"D","seatRow":"04","seatType":"1","startStation":"³É¶¼¶«Õ¾","startTime":0,"trainCode":"GB123","trainDate":1777910400000}]
31:16.093 [39mDEBUG[0;39m [34mc.j.t.m.m.TicketMapper.insert :137 [0;39m http-nio-9091-exec-10 [32m1777897876091p5d  [0;39m ==>  Preparing: insert into ticket (id, member_id, passenger_id, passenger_name, train_date, train_code, carriage_index, seat_row, seat_col, start_station, start_time, end_station, end_time, seat_type, create_time, update_time) values (?, ?, ?, ?, ?, ?, ?, ?, ?, ?, ?, ?, ?, ?, ?, ?)
31:16.094 [39mDEBUG[0;39m [34mc.j.t.m.m.TicketMapper.insert :137 [0;39m http-nio-9091-exec-10 [32m1777897876091p5d  [0;39m ==> Parameters: 2051278483744755712(Long), 1994648397725962240(Long), 2003822171247480832(Long), ¹ØÓð(String), 2026-05-05(Date), GB123(String), 1(Integer), 04(String), D(String), ³É¶¼¶«Õ¾(String), 08:00:00(Time), ÎäººÕ¾(String), 14:00:00(Time), 1(String), 2026-05-04 20:31:16.093(Timestamp), 2026-05-04 20:31:16.093(Timestamp)
31:16.097 [39mDEBUG[0;39m [34mc.j.t.m.m.TicketMapper.insert :137 [0;39m http-nio-9091-exec-10 [32m1777897876091p5d  [0;39m <==    Updates: 1
31:16.097 [34mINFO [0;39m [34mc.j.t.common.aspect.LogAspect :88  [0;39m http-nio-9091-exec-10 [32m1777897876091p5d  [0;39m ·µ»Ø½á¹û: {"success":true}
31:16.097 [34mINFO [0;39m [34mc.j.t.common.aspect.LogAspect :89  [0;39m http-nio-9091-exec-10 [32m1777897876091p5d  [0;39m ------------- ½áÊø ºÄÊ±£º5 ms -------------
31:16.123 [34mINFO [0;39m [34mc.j.t.c.i.MemberInterceptor   :26  [0;39m http-nio-9091-exec-1 [32m1777897876123y5s  [0;39m MemberInterceptor¿ªÊ¼
31:16.124 [34mINFO [0;39m [34mc.j.t.c.i.MemberInterceptor   :36  [0;39m http-nio-9091-exec-1 [32m1777897876123y5s  [0;39m MemberInterceptor½áÊø
31:16.124 [34mINFO [0;39m [34mc.j.t.common.aspect.LogAspect :52  [0;39m http-nio-9091-exec-1 [32m1777897876123y5s  [0;39m ------------- ¿ªÊ¼ -------------
31:16.125 [34mINFO [0;39m [34mc.j.t.common.aspect.LogAspect :53  [0;39m http-nio-9091-exec-1 [32m1777897876123y5s  [0;39m ÇëÇóµØÖ·: http://127.0.0.1:9091/member/feign/ticket/save POST
31:16.125 [34mINFO [0;39m [34mc.j.t.common.aspect.LogAspect :54  [0;39m http-nio-9091-exec-1 [32m1777897876123y5s  [0;39m ÀàÃû·½·¨: com.jiawa.train.member.controller.feign.FeignTicketController.save
31:16.125 [34mINFO [0;39m [34mc.j.t.common.aspect.LogAspect :55  [0;39m http-nio-9091-exec-1 [32m1777897876123y5s  [0;39m Ô¶³ÌµØÖ·: 127.0.0.1
31:16.125 [34mINFO [0;39m [34mc.j.t.common.aspect.LogAspect :76  [0;39m http-nio-9091-exec-1 [32m1777897876123y5s  [0;39m ÇëÇó²ÎÊý: [{"carriageIndex":1,"endStation":"ÎäººÕ¾","endTime":21600000,"memberId":1994648397725962240,"passengerId":2003822171247480832,"passengerName":"¹ØÓð","seatCol":"D","seatRow":"10","seatType":"1","startStation":"³É¶¼¶«Õ¾","startTime":0,"trainCode":"GB123","trainDate":1777910400000}]
31:16.126 [39mDEBUG[0;39m [34mc.j.t.m.m.TicketMapper.insert :137 [0;39m http-nio-9091-exec-1 [32m1777897876123y5s  [0;39m ==>  Preparing: insert into ticket (id, member_id, passenger_id, passenger_name, train_date, train_code, carriage_index, seat_row, seat_col, start_station, start_time, end_station, end_time, seat_type, create_time, update_time) values (?, ?, ?, ?, ?, ?, ?, ?, ?, ?, ?, ?, ?, ?, ?, ?)
31:16.126 [39mDEBUG[0;39m [34mc.j.t.m.m.TicketMapper.insert :137 [0;39m http-nio-9091-exec-1 [32m1777897876123y5s  [0;39m ==> Parameters: 2051278483878973440(Long), 1994648397725962240(Long), 2003822171247480832(Long), ¹ØÓð(String), 2026-05-05(Date), GB123(String), 1(Integer), 10(String), D(String), ³É¶¼¶«Õ¾(String), 08:00:00(Time), ÎäººÕ¾(String), 14:00:00(Time), 1(String), 2026-05-04 20:31:16.125(Timestamp), 2026-05-04 20:31:16.125(Timestamp)
31:16.128 [39mDEBUG[0;39m [34mc.j.t.m.m.TicketMapper.insert :137 [0;39m http-nio-9091-exec-1 [32m1777897876123y5s  [0;39m <==    Updates: 1
31:16.129 [34mINFO [0;39m [34mc.j.t.common.aspect.LogAspect :88  [0;39m http-nio-9091-exec-1 [32m1777897876123y5s  [0;39m ·µ»Ø½á¹û: {"success":true}
31:16.129 [34mINFO [0;39m [34mc.j.t.common.aspect.LogAspect :89  [0;39m http-nio-9091-exec-1 [32m1777897876123y5s  [0;39m ------------- ½áÊø ºÄÊ±£º5 ms -------------
31:16.152 [34mINFO [0;39m [34mc.j.t.c.i.MemberInterceptor   :26  [0;39m http-nio-9091-exec-2 [32m1777897876152vbg  [0;39m MemberInterceptor¿ªÊ¼
31:16.153 [34mINFO [0;39m [34mc.j.t.c.i.MemberInterceptor   :36  [0;39m http-nio-9091-exec-2 [32m1777897876152vbg  [0;39m MemberInterceptor½áÊø
31:16.153 [34mINFO [0;39m [34mc.j.t.common.aspect.LogAspect :52  [0;39m http-nio-9091-exec-2 [32m1777897876152vbg  [0;39m ------------- ¿ªÊ¼ -------------
31:16.154 [34mINFO [0;39m [34mc.j.t.common.aspect.LogAspect :53  [0;39m http-nio-9091-exec-2 [32m1777897876152vbg  [0;39m ÇëÇóµØÖ·: http://127.0.0.1:9091/member/feign/ticket/save POST
31:16.154 [34mINFO [0;39m [34mc.j.t.common.aspect.LogAspect :54  [0;39m http-nio-9091-exec-2 [32m1777897876152vbg  [0;39m ÀàÃû·½·¨: com.jiawa.train.member.controller.feign.FeignTicketController.save
31:16.154 [34mINFO [0;39m [34mc.j.t.common.aspect.LogAspect :55  [0;39m http-nio-9091-exec-2 [32m1777897876152vbg  [0;39m Ô¶³ÌµØÖ·: 127.0.0.1
31:16.154 [34mINFO [0;39m [34mc.j.t.common.aspect.LogAspect :76  [0;39m http-nio-9091-exec-2 [32m1777897876152vbg  [0;39m ÇëÇó²ÎÊý: [{"carriageIndex":2,"endStation":"ÎäººÕ¾","endTime":21600000,"memberId":1994648397725962240,"passengerId":2003822171247480832,"passengerName":"¹ØÓð","seatCol":"C","seatRow":"10","seatType":"1","startStation":"³É¶¼¶«Õ¾","startTime":0,"trainCode":"GB123","trainDate":1777910400000}]
31:16.155 [39mDEBUG[0;39m [34mc.j.t.m.m.TicketMapper.insert :137 [0;39m http-nio-9091-exec-2 [32m1777897876152vbg  [0;39m ==>  Preparing: insert into ticket (id, member_id, passenger_id, passenger_name, train_date, train_code, carriage_index, seat_row, seat_col, start_station, start_time, end_station, end_time, seat_type, create_time, update_time) values (?, ?, ?, ?, ?, ?, ?, ?, ?, ?, ?, ?, ?, ?, ?, ?)
31:16.155 [39mDEBUG[0;39m [34mc.j.t.m.m.TicketMapper.insert :137 [0;39m http-nio-9091-exec-2 [32m1777897876152vbg  [0;39m ==> Parameters: 2051278484000608256(Long), 1994648397725962240(Long), 2003822171247480832(Long), ¹ØÓð(String), 2026-05-05(Date), GB123(String), 2(Integer), 10(String), C(String), ³É¶¼¶«Õ¾(String), 08:00:00(Time), ÎäººÕ¾(String), 14:00:00(Time), 1(String), 2026-05-04 20:31:16.154(Timestamp), 2026-05-04 20:31:16.154(Timestamp)
31:16.158 [39mDEBUG[0;39m [34mc.j.t.m.m.TicketMapper.insert :137 [0;39m http-nio-9091-exec-2 [32m1777897876152vbg  [0;39m <==    Updates: 1
31:16.159 [34mINFO [0;39m [34mc.j.t.common.aspect.LogAspect :88  [0;39m http-nio-9091-exec-2 [32m1777897876152vbg  [0;39m ·µ»Ø½á¹û: {"success":true}
31:16.159 [34mINFO [0;39m [34mc.j.t.common.aspect.LogAspect :89  [0;39m http-nio-9091-exec-2 [32m1777897876152vbg  [0;39m ------------- ½áÊø ºÄÊ±£º6 ms -------------
31:16.180 [34mINFO [0;39m [34mc.j.t.c.i.MemberInterceptor   :26  [0;39m http-nio-9091-exec-3 [32m1777897876180tj8  [0;39m MemberInterceptor¿ªÊ¼
31:16.181 [34mINFO [0;39m [34mc.j.t.c.i.MemberInterceptor   :36  [0;39m http-nio-9091-exec-3 [32m1777897876180tj8  [0;39m MemberInterceptor½áÊø
31:16.181 [34mINFO [0;39m [34mc.j.t.common.aspect.LogAspect :52  [0;39m http-nio-9091-exec-3 [32m1777897876180tj8  [0;39m ------------- ¿ªÊ¼ -------------
31:16.181 [34mINFO [0;39m [34mc.j.t.common.aspect.LogAspect :53  [0;39m http-nio-9091-exec-3 [32m1777897876180tj8  [0;39m ÇëÇóµØÖ·: http://127.0.0.1:9091/member/feign/ticket/save POST
31:16.181 [34mINFO [0;39m [34mc.j.t.common.aspect.LogAspect :54  [0;39m http-nio-9091-exec-3 [32m1777897876180tj8  [0;39m ÀàÃû·½·¨: com.jiawa.train.member.controller.feign.FeignTicketController.save
31:16.181 [34mINFO [0;39m [34mc.j.t.common.aspect.LogAspect :55  [0;39m http-nio-9091-exec-3 [32m1777897876180tj8  [0;39m Ô¶³ÌµØÖ·: 127.0.0.1
31:16.181 [34mINFO [0;39m [34mc.j.t.common.aspect.LogAspect :76  [0;39m http-nio-9091-exec-3 [32m1777897876180tj8  [0;39m ÇëÇó²ÎÊý: [{"carriageIndex":2,"endStation":"ÎäººÕ¾","endTime":21600000,"memberId":1994648397725962240,"passengerId":2003822171247480832,"passengerName":"¹ØÓð","seatCol":"A","seatRow":"06","seatType":"1","startStation":"³É¶¼¶«Õ¾","startTime":0,"trainCode":"GB123","trainDate":1777910400000}]
31:16.183 [39mDEBUG[0;39m [34mc.j.t.m.m.TicketMapper.insert :137 [0;39m http-nio-9091-exec-3 [32m1777897876180tj8  [0;39m ==>  Preparing: insert into ticket (id, member_id, passenger_id, passenger_name, train_date, train_code, carriage_index, seat_row, seat_col, start_station, start_time, end_station, end_time, seat_type, create_time, update_time) values (?, ?, ?, ?, ?, ?, ?, ?, ?, ?, ?, ?, ?, ?, ?, ?)
31:16.184 [39mDEBUG[0;39m [34mc.j.t.m.m.TicketMapper.insert :137 [0;39m http-nio-9091-exec-3 [32m1777897876180tj8  [0;39m ==> Parameters: 2051278484122243072(Long), 1994648397725962240(Long), 2003822171247480832(Long), ¹ØÓð(String), 2026-05-05(Date), GB123(String), 2(Integer), 06(String), A(String), ³É¶¼¶«Õ¾(String), 08:00:00(Time), ÎäººÕ¾(String), 14:00:00(Time), 1(String), 2026-05-04 20:31:16.183(Timestamp), 2026-05-04 20:31:16.183(Timestamp)
31:16.188 [39mDEBUG[0;39m [34mc.j.t.m.m.TicketMapper.insert :137 [0;39m http-nio-9091-exec-3 [32m1777897876180tj8  [0;39m <==    Updates: 1
31:16.188 [34mINFO [0;39m [34mc.j.t.common.aspect.LogAspect :88  [0;39m http-nio-9091-exec-3 [32m1777897876180tj8  [0;39m ·µ»Ø½á¹û: {"success":true}
31:16.188 [34mINFO [0;39m [34mc.j.t.common.aspect.LogAspect :89  [0;39m http-nio-9091-exec-3 [32m1777897876180tj8  [0;39m ------------- ½áÊø ºÄÊ±£º7 ms -------------
